{"stats":{"minecraft:crafted":{"minecraft:brick":160,"travelersbackpack:magnet_upgrade":1,"minecraft:grindstone":1,"immersiveengineering:component_steel":2,"minecraft:chainmail_helmet":7,"minecraft:smooth_stone":323,"minecraft:oak_planks":264,"immersiveengineering:hammer":4,"minecraft:cobblestone_slab":12,"immersiveengineering:plate_constantan":25,"minecraft:oak_sign":3,"minecraft:barrel":2,"immersiveengineering:slag_brick":204,"minecraft:cherry_slab":12,"immersiveengineering:fluid_pipe":40,"immersiveengineering:manual":1,"biomesoplenty:redwood_slab":102,"minecraft:stone":388,"minecraft:lever":10,"minecraft:diamond_shovel":3,"immersiveengineering:ingot_nickel":77,"immersiveengineering:sheetmetal_iron":64,"minecraft:nether_brick":217,"minecraft:bookshelf":20,"minecraft:hopper":13,"immersiveengineering:ingot_silver":71,"minecraft:diamond_helmet":1,"minecraft:diamond_leggings":1,"minecraft:iron_boots":11,"immersiveengineering:drillhead_steel":1,"minecraft:chest":124,"immersiveengineering:storage_steel":1,"immersiveengineering:ingot_steel":99,"immersiveengineering:nugget_copper":9,"minecraft:rail":64,"immersiveengineering:wooden_grip":2,"immersiveengineering:plate_steel":66,"immersiveengineering:plate_electrum":16,"minecraft:emerald":975,"biomesoplenty:jacaranda_planks":564,"minecraft:cooked_porkchop":6,"minecraft:diamond_axe":1,"minecraft:crafting_table":4,"minecraft:spruce_planks":148,"minecraft:green_bed":3,"immersiveengineering:blastbrick_reinforced":54,"minecraft:smithing_table":1,"immersiveengineering:wire_copper":64,"minecraft:copper_ingot":128,"immersiveengineering:cokebrick":75,"immersiveengineering:connector_lv":8,"immersiveengineering:capacitor_mv":2,"biomesoplenty:fir_planks":4028,"immersiveengineering:connector_mv_relay":8,"biomesoplenty:redwood_button":64,"biomesoplenty:redwood_boat":1,"minecraft:lectern":7,"immersiveengineering:blastbrick":54,"minecraft:charcoal":218,"minecraft:book":7,"immersiveengineering:storage_uranium":3,"minecraft:paper":6,"minecraft:diamond_pickaxe":2,"minecraft:cherry_sign":3,"minecraft:stick":10616,"minecraft:stone_slab":6,"minecraft:iron_ingot":99,"minecraft:iron_pickaxe":5,"immersiveengineering:connector_mv":16,"minecraft:iron_block":70,"immersiveengineering:furnace_heater":4,"minecraft:gold_ingot":15,"immersiveengineering:thermoelectric_generator":5,"minecraft:sandstone":33,"immersiveengineering:stick_treated":12,"immersiveengineering:heavy_engineering":4,"immersiveengineering:plate_copper":83,"immersiveengineering:wirecoil_copper":56,"minecraft:cherry_planks":476,"minecraft:stone_shovel":10,"minecraft:diamond_hoe":1,"minecraft:pointed_dripstone":128,"minecraft:spruce_button":48,"minecraft:furnace":4,"minecraft:blast_furnace":1,"immersiveengineering:wirecoil_electrum":16,"immersiveengineering:sheetmetal_steel":4,"travelersbackpack:gold_tier_upgrade":1,"immersiveengineering:stairs_slag_brick":4,"minecraft:cherry_trapdoor":6,"immersiveengineering:fluid_pump":2,"minecraft:iron_axe":14,"immersiveengineering:wirecutter":1,"minecraft:spruce_slab":30,"minecraft:iron_hoe":1,"immersiveengineering:coil_lv":5,"minecraft:diamond_boots":1,"immersiveengineering:treated_fence":9,"immersiveengineering:plate_nickel":5,"minecraft:spruce_boat":1,"minecraft:dark_oak_planks":4,"immersiveengineering:ingot_uranium":36,"immersiveengineering:wire_electrum":16,"minecraft:chainmail_leggings":28,"travelersbackpack:diamond_tier_upgrade":1,"minecraft:wheat":198,"minecraft:cooked_beef":46,"minecraft:cooked_cod":4,"immersiveengineering:basic_engineering":20,"minecraft:diamond_sword":1,"minecraft:spruce_sign":12,"immersiveengineering:treated_door":3,"biomesoplenty:redwood_planks":2028,"minecraft:powered_rail":18,"minecraft:bucket":19,"minecraft:enchanted_book":9,"minecraft:air":0,"minecraft:bread":77,"immersiveengineering:redstone_acid_bucket":2,"biomesoplenty:jacaranda_button":4,"immersiveengineering:drill":1,"immersiveengineering:alloybrick":8,"minecraft:iron_shovel":1,"minecraft:anvil":1,"immersiveengineering:plate_iron":122,"immersiveengineering:blastfurnace_preheater":4,"minecraft:torch":320,"minecraft:diamond_chestplate":1},"minecraft:used":{"immersiveengineering:fluid_pump":4,"minecraft:iron_shovel":90,"minecraft:dispenser":1,"minecraft:spruce_slab":18,"minecraft:oak_sign":3,"minecraft:white_terracotta":11,"minecraft:chest":126,"immersiveengineering:treated_door":1,"minecraft:carrot":80,"immersiveengineering:connector_lv":5,"immersiveengineering:cokebrick":154,"minecraft:snowball":1,"minecraft:spruce_boat":1,"minecraft:lava_bucket":20,"biomesoplenty:jacaranda_sapling":26,"immersiveengineering:blastfurnace_preheater":7,"minecraft:cooked_cod":4,"minecraft:furnace":17,"minecraft:oak_planks":9,"minecraft:powered_rail":2,"biomesoplenty:fir_planks":43,"minecraft:composter":4,"minecraft:diamond_axe":2193,"minecraft:blast_furnace":1,"biomesoplenty:jacaranda_planks":607,"minecraft:string":1,"minecraft:bread":74,"minecraft:lever":4,"immersiveengineering:hammer":43,"minecraft:lectern":11,"minecraft:cherry_sign":3,"minecraft:diamond_sword":95,"minecraft:grindstone":1,"minecraft:smithing_table":3,"minecraft:andesite":32,"minecraft:experience_bottle":1,"biomesoplenty:jacaranda_button":3,"biomesoplenty:redwood_planks":213,"immersiveengineering:connector_mv":15,"minecraft:redstone":5,"minecraft:spruce_planks":34,"minecraft:cooked_salmon":9,"minecraft:torch":415,"minecraft:dirt":3434,"minecraft:anvil":1,"minecraft:hopper":13,"minecraft:yellow_carpet":4,"immersiveengineering:fluid_pipe":46,"biomesoplenty:snowblossom_sapling":10,"minecraft:granite":14,"immersiveengineering:storage_uranium":3,"minecraft:iron_hoe":73,"minecraft:chipped_anvil":1,"minecraft:bookshelf":9,"immersiveengineering:connector_mv_relay":13,"minecraft:cherry_slab":4,"immersiveengineering:workbench":1,"immersiveengineering:treated_fence":4,"minecraft:iron_axe":875,"minecraft:oak_stairs":11,"minecraft:spruce_button":53,"minecraft:cherry_trapdoor":5,"biomesoplenty:redwood_boat":1,"biomesoplenty:jacaranda_log":3,"minecraft:barrel":11,"biomesoplenty:redwood_button":20,"immersiveengineering:alloybrick":17,"biomesoplenty:redwood_slab":64,"immersiveengineering:wirecoil_electrum":64,"minecraft:cooked_beef":46,"immersiveengineering:blastbrick":54,"minecraft:cobbled_deepslate":51,"immersiveengineering:slag_brick":177,"minecraft:water_bucket":25,"minecraft:cooked_mutton":1,"immersiveengineering:thermoelectric_generator":5,"minecraft:spruce_sign":12,"minecraft:green_bed":5,"minecraft:fletching_table":2,"minecraft:cherry_planks":338,"minecraft:cobblestone_slab":15,"immersiveengineering:capacitor_mv":3,"farmersdelight:onion":9,"minecraft:rail":2,"minecraft:crafting_table":10,"minecraft:oak_slab":4,"minecraft:white_bed":12,"minecraft:cod":1,"minecraft:smoker":1,"minecraft:diamond_pickaxe":3740,"minecraft:apple":8,"minecraft:diamond_shovel":5875,"minecraft:iron_pickaxe":1064,"immersiveengineering:stairs_slag_brick":6,"immersiveengineering:sheetmetal_iron":44,"minecraft:cobblestone":187,"travelersbackpack:standard":18,"minecraft:porkchop":4,"minecraft:cooked_porkchop":6,"minecraft:bucket":52,"immersiveengineering:blastbrick_reinforced":81,"minecraft:yellow_bed":2,"minecraft:smooth_stone":147},"minecraft:broken":{"minecraft:iron_boots":1,"minecraft:diamond_shovel":2,"minecraft:diamond_pickaxe":1,"minecraft:diamond_axe":1,"minecraft:iron_axe":3,"minecraft:iron_pickaxe":4,"minecraft:iron_helmet":1},"minecraft:dropped":{"biomesoplenty:fir_log":69,"farmersdelight:iron_knife":1,"minecraft:dark_oak_stairs":1,"immersiveengineering:blueprint":1,"minecraft:rail":7,"minecraft:item_frame":1,"immersiveengineering:crate":4,"minecraft:snowball":16,"minecraft:iron_pickaxe":1,"minecraft:gold_ingot":29,"minecraft:iron_nugget":13,"immersiveengineering:treated_wood_vertical":1,"biomesoplenty:white_petals":2,"minecraft:poppy":662,"minecraft:leather_chestplate":1,"minecraft:leather_leggings":1,"minecraft:spruce_slab":1,"minecraft:wheat_seeds":2,"minecraft:cobblestone":41,"minecraft:copper_ingot":3,"minecraft:chainmail_helmet":14,"immersiveengineering:stick_iron":3,"minecraft:stick":3,"minecraft:gray_wool":1,"minecraft:torch":2,"minecraft:cooked_salmon":6,"minecraft:iron_leggings":1,"minecraft:iron_axe":20,"minecraft:iron_shovel":1,"minecraft:chainmail_leggings":56,"minecraft:stone_shovel":17,"minecraft:iron_hoe":1,"minecraft:iron_boots":22,"minecraft:smoker":1,"minecraft:spruce_fence":10,"minecraft:filled_map":1,"minecraft:iron_chestplate":1,"minecraft:spider_eye":2},"minecraft:killed_by":{"minecraft:creeper":1,"minecraft:zombie":3,"minecraft:stray":1,"minecraft:iron_golem":1},"minecraft:custom":{"minecraft:interact_with_crafting_table":130,"minecraft:open_barrel":8,"minecraft:leave_game":6,"minecraft:time_since_death":99478,"minecraft:sprint_one_cm":1659976,"minecraft:drop":178,"minecraft:talked_to_villager":94,"minecraft:play_time":1096213,"minecraft:deaths":8,"minecraft:jump":12536,"minecraft:walk_on_water_one_cm":73028,"minecraft:interact_with_furnace":225,"minecraft:traded_with_villager":1142,"minecraft:sleep_in_bed":60,"minecraft:damage_dealt":17196,"littlejoys:gold_rushes":4,"minecraft:crouch_one_cm":123871,"minecraft:interact_with_smoker":16,"minecraft:inspect_dispenser":1,"minecraft:interact_with_smithing_table":2,"minecraft:interact_with_anvil":7,"minecraft:mob_kills":115,"minecraft:inspect_hopper":12,"minecraft:climb_one_cm":2732,"minecraft:walk_one_cm":2951464,"minecraft:sneak_time":34883,"minecraft:walk_under_water_one_cm":24692,"minecraft:boat_one_cm":1558,"minecraft:total_world_time":1096213,"littlejoys:drop_rushes":1,"minecraft:time_since_rest":43827,"minecraft:damage_taken":8273,"minecraft:swim_one_cm":75471,"minecraft:fly_one_cm":3032465,"minecraft:open_chest":978,"minecraft:fall_one_cm":189147},"minecraft:killed":{"minecraft:witch":1,"minecraft:spider":3,"minecraft:skeleton":23,"minecraft:pig":5,"minecraft:zombie_villager":1,"minecraft:iron_golem":4,"minecraft:creeper":4,"minecraft:sheep":4,"minecraft:pillager":1,"minecraft:zombie":31,"minecraft:cow":23,"livingthings:snail":12,"minecraft:enderman":1},"minecraft:picked_up":{"minecraft:wheat":61,"minecraft:flower_pot":4,"minecraft:prismarine_shard":7,"minecraft:stone_slab":5,"minecraft:yellow_wool":13,"immersiveengineering:wirecoil_electrum":12,"minecraft:sentry_armor_trim_smithing_template":2,"minecraft:smithing_table":3,"minecraft:oak_stairs":531,"minecraft:enchanted_book":10,"immersiveengineering:turntable":2,"minecraft:nether_brick":65,"immersiveengineering:blastbrick":54,"immersiveengineering:stick_treated":4,"minecraft:amethyst_block":113,"farmersdelight:cutting_board":1,"immersiveengineering:treated_wood_vertical":1,"minecraft:string":27,"minecraft:raw_copper":317,"minecraft:cooked_salmon":15,"minecraft:sticky_piston":6,"immersiveengineering:nugget_lead":10,"minecraft:beetroot":5,"immersiveengineering:raw_lead":86,"biomesoplenty:redwood_slab":12,"minecraft:smooth_stone":202,"minecraft:gold_nugget":22,"minecraft:cobbled_deepslate":617,"biomesoplenty:fir_planks":66,"minecraft:bucket":5,"minecraft:spruce_planks":29,"immersiveengineering:capacitor_mv":1,"minecraft:cobblestone_slab":11,"biomesoplenty:redwood_wood":1161,"immersiveengineering:stairs_treated_wood_horizontal":188,"farmersdelight:cabbage_seeds":7,"minecraft:iron_boots":11,"minecraft:furnace":20,"minecraft:stick":359,"minecraft:composter":6,"minecraft:oak_fence":97,"minecraft:torch":169,"minecraft:green_bed":5,"minecraft:brick_wall":4,"minecraft:spruce_stairs":18,"immersiveengineering:slag_brick":72,"minecraft:porkchop":16,"minecraft:golden_axe":1,"minecraft:dried_kelp":5,"minecraft:cherry_log":158,"minecraft:diorite":145,"immersiveengineering:alloybrick":9,"minecraft:cauldron":2,"immersiveengineering:fluid_pipe":35,"immersiveengineering:stairs_slag_brick":3,"farmersdelight:tomato_crate":8,"minecraft:rotten_flesh":83,"farmersdelight:onion":62,"immersiveengineering:connector_mv_relay":8,"minecraft:bookshelf":4,"minecraft:green_wool":60,"biomesoplenty:white_petals":2,"minecraft:white_terracotta":91,"minecraft:obsidian":28,"minecraft:iron_bars":4,"minecraft:snowball":49,"minecraft:cobblestone":3995,"biomesoplenty:lavender":8,"minecraft:magma_block":26,"minecraft:leather_chestplate":1,"farmersdelight:onion_crate":10,"minecraft:repeater":4,"minecraft:cherry_planks":107,"minecraft:andesite":139,"minecraft:potato":89,"minecraft:smoker":4,"biomesoplenty:fir_sapling":408,"biomesoplenty:fir_log":1017,"minecraft:flint":29,"minecraft:tuff":34,"immersiveengineering:treated_door":1,"immersiveengineering:sheetmetal_iron":9,"minecraft:lapis_lazuli":197,"farmersdelight:tomato":10,"minecraft:dirt":3702,"minecraft:lantern":3,"biomesoplenty:snowblossom_sapling":124,"minecraft:bone":117,"minecraft:chipped_anvil":1,"minecraft:bow":3,"minecraft:wheat_seeds":471,"betterarcheology:archeology_table":2,"minecraft:raw_gold":125,"minecraft:bell":2,"minecraft:fletching_table":4,"immersiveengineering:nugget_copper":7,"minecraft:powered_rail":16,"minecraft:moss_block":14,"minecraft:oak_planks":475,"immersiveengineering:blueprint":3,"biomesoplenty:toadstool":2,"immersiveengineering:creosote_bucket":11,"immersiveengineering:raw_uranium":62,"minecraft:poisonous_potato":2,"minecraft:oak_pressure_plate":5,"minecraft:sand":319,"immersiveengineering:raw_aluminum":45,"immersiveengineering:circuit_table":2,"minecraft:grass_block":1,"minecraft:dark_oak_log":1,"minecraft:barrel":9,"minecraft:mossy_cobblestone":58,"minecraft:dispenser":1,"minecraft:yellow_carpet":10,"minecraft:diamond":62,"minecraft:lever":2,"minecraft:granite":152,"minecraft:spruce_button":7,"minecraft:chainmail_helmet":7,"minecraft:emerald":379,"immersiveengineering:raw_nickel":165,"minecraft:oak_sapling":12,"minecraft:cherry_slab":4,"minecraft:netherrack":188,"minecraft:bricks":100,"minecraft:charcoal":104,"minecraft:fishing_rod":1,"minecraft:coarse_dirt":26,"immersiveengineering:wirecutter":1,"minecraft:crafting_table":6,"minecraft:azure_bluet":19,"minecraft:ladder":3,"minecraft:clay_ball":336,"minecraft:leather_leggings":1,"immersiveengineering:coal_coke":35,"immersiveengineering:heavy_engineering":3,"minecraft:gold_block":1,"biomesoplenty:jacaranda_sapling":107,"minecraft:brick":4,"minecraft:cornflower":6,"immersiveengineering:stick_iron":14,"minecraft:iron_axe":9,"immersiveengineering:ingot_uranium":11,"minecraft:flint_and_steel":1,"immersiveengineering:fluid_pump":2,"minecraft:beef":45,"immersiveengineering:crate":12,"immersiveengineering:workbench":3,"minecraft:iron_nugget":57,"minecraft:poppy":26,"minecraft:lectern":4,"minecraft:spruce_slab":10,"immersiveengineering:stick_steel":4,"minecraft:minecart":1,"minecraft:sugar_cane":4,"minecraft:chest":20,"minecraft:piston":4,"minecraft:diamond_hoe":1,"immersiveengineering:hemp_fabric":3,"immersiveengineering:drill":1,"minecraft:raw_iron":64,"minecraft:stone":8,"minecraft:oak_door":10,"minecraft:copper_ingot":3,"minecraft:bowl":37,"immersiveengineering:ingot_electrum":13,"minecraft:spruce_fence":24,"minecraft:fire_charge":1,"farmersdelight:tomato_seeds":31,"minecraft:carrot":163,"minecraft:redstone":434,"minecraft:prismarine_crystals":2,"biomesoplenty:redwood_planks":61,"minecraft:arrow":42,"minecraft:stone_shovel":7,"immersiveengineering:component_iron":3,"biomesoplenty:jacaranda_log":181,"minecraft:beetroot_seeds":18,"minecraft:golden_hoe":1,"minecraft:hay_block":22,"immersiveengineering:blastbrick_reinforced":27,"minecraft:saddle":3,"minecraft:gold_ingot":38,"biomesoplenty:redwood_sapling":117,"minecraft:brick_stairs":228,"minecraft:glow_berries":8,"minecraft:mutton":12,"minecraft:white_wool":23,"minecraft:rail":62,"immersiveengineering:ingot_steel":11,"minecraft:oxeye_daisy":4,"minecraft:stripped_oak_log":24,"immersiveengineering:connector_lv":5,"minecraft:clock":1,"minecraft:glow_ink_sac":18,"minecraft:leather":26,"minecraft:filled_map":1,"minecraft:oak_log":342,"minecraft:yellow_bed":2,"biomesoplenty:jacaranda_planks":84,"minecraft:gunpowder":14,"minecraft:cobblestone_stairs":80,"immersiveengineering:treated_wood_horizontal":120,"minecraft:paper":23,"immersiveengineering:stick_aluminum":1,"minecraft:cooked_mutton":1,"minecraft:coast_armor_trim_smithing_template":6,"immersiveengineering:cokebrick":100,"minecraft:apple":2,"farmersdelight:cooking_pot":1,"minecraft:kelp":9,"minecraft:spruce_wood":36,"minecraft:iron_ingot":95,"minecraft:cobweb":5,"minecraft:stripped_oak_wood":7,"immersiveengineering:nugget_silver":5,"travelersbackpack:blank_upgrade":1,"minecraft:dark_oak_stairs":1,"minecraft:book":31,"minecraft:oak_slab":28,"minecraft:pumpkin":37,"minecraft:sweet_berries":10,"immersiveengineering:lantern":4,"minecraft:dandelion":98,"minecraft:gravel":188,"minecraft:amethyst_shard":13,"minecraft:white_bed":13,"minecraft:spruce_log":1,"minecraft:crying_obsidian":1,"minecraft:green_carpet":4,"minecraft:spider_eye":2,"minecraft:brick_slab":32,"travelersbackpack:standard":2,"minecraft:pumpkin_seeds":4,"minecraft:slime_ball":53,"immersiveengineering:seed":309,"minecraft:chainmail_leggings":28,"immersiveengineering:connector_mv":2,"minecraft:terracotta":60,"immersiveengineering:raw_silver":102,"farmersdelight:stove":1,"immersiveengineering:blastfurnace_preheater":3,"minecraft:coal":741,"minecraft:hopper":9,"minecraft:ender_pearl":3},"minecraft:mined":{"minecraft:spruce_planks":29,"minecraft:white_bed":13,"immersiveengineering:fluid_pipe":35,"minecraft:cherry_log":4,"minecraft:cobblestone_stairs":41,"immersiveengineering:advanced_blast_furnace":1,"minecraft:obsidian":18,"minecraft:granite":82,"immersiveengineering:blastbrick":52,"minecraft:grass_block":2888,"minecraft:yellow_carpet":5,"immersiveengineering:slag_brick":72,"minecraft:composter":5,"minecraft:hopper":3,"minecraft:oxeye_daisy":2,"minecraft:spawner":1,"immersiveengineering:deepslate_ore_uranium":26,"minecraft:smooth_stone":13,"minecraft:tall_seagrass":1,"minecraft:magma_block":22,"minecraft:iron_ore":14,"minecraft:barrel":9,"minecraft:sticky_piston":3,"minecraft:cobbled_deepslate":2,"biomesoplenty:lavender":2,"immersiveengineering:deepslate_ore_silver":40,"minecraft:pumpkin":20,"minecraft:fletching_table":3,"minecraft:azure_bluet":8,"immersiveengineering:deepslate_ore_nickel":71,"minecraft:dark_oak_stairs":1,"minecraft:potted_dandelion":2,"immersiveengineering:connector_lv":5,"minecraft:water_cauldron":1,"minecraft:dirt_path":134,"minecraft:oak_stairs":529,"minecraft:iron_bars":2,"minecraft:spruce_wood":36,"immersiveengineering:ore_lead":17,"minecraft:green_bed":4,"minecraft:spruce_slab":10,"minecraft:tripwire":2,"farmersdelight:wild_potatoes":1,"minecraft:deepslate_redstone_ore":53,"biomesoplenty:jacaranda_leaves":9,"biomesoplenty:jacaranda_planks":85,"minecraft:smoker":2,"minecraft:clay":84,"minecraft:torch":59,"minecraft:poppy":4,"minecraft:chest":20,"minecraft:cobblestone":411,"minecraft:oak_planks":478,"minecraft:bricks":50,"minecraft:wall_torch":16,"minecraft:cherry_slab":4,"immersiveengineering:alloybrick":8,"minecraft:white_terracotta":51,"minecraft:repeater":2,"immersiveengineering:connector_mv_relay":5,"immersiveengineering:alloy_smelter":1,"minecraft:wheat":27,"immersiveengineering:cokebrick":97,"minecraft:yellow_wool":11,"minecraft:stripped_oak_wood":7,"minecraft:oak_log":310,"immersiveengineering:fluid_pump":2,"minecraft:beetroots":3,"minecraft:sand":315,"minecraft:dirt":672,"minecraft:tripwire_hook":1,"minecraft:dispenser":1,"minecraft:piston":2,"minecraft:netherrack":189,"minecraft:deepslate":552,"minecraft:oak_leaves":2,"immersiveengineering:workbench":2,"minecraft:tuff":36,"farmersdelight:onions":8,"immersiveengineering:blast_furnace":2,"minecraft:mossy_cobblestone":33,"minecraft:deepslate_diamond_ore":14,"minecraft:oak_door":11,"farmersdelight:wild_carrots":15,"minecraft:dark_oak_log":1,"minecraft:glow_lichen":2,"minecraft:spruce_fence":23,"minecraft:decorated_pot":1,"minecraft:brick_stairs":114,"biomesoplenty:white_petals":1,"minecraft:redstone_wire":4,"immersiveengineering:coke_oven":3,"farmersdelight:tomatoes":3,"minecraft:spruce_leaves":1,"immersiveengineering:ore_silver":1,"biomesoplenty:jacaranda_sapling":1,"minecraft:hay_block":22,"immersiveengineering:stairs_slag_brick":3,"biomesoplenty:jacaranda_log":3,"minecraft:furnace":12,"minecraft:carrots":25,"biomesoplenty:toadstool":1,"immersiveengineering:treated_wood_horizontal":62,"immersiveengineering:capacitor_mv":1,"minecraft:andesite":91,"immersiveengineering:turntable":1,"treechop:chopped_log":61,"minecraft:gold_block":1,"minecraft:bookshelf":9,"minecraft:potatoes":11,"minecraft:cobblestone_slab":6,"minecraft:deepslate_iron_ore":2,"minecraft:lantern":1,"immersiveengineering:lantern":2,"minecraft:stripped_oak_log":24,"minecraft:packed_ice":25,"minecraft:stone":2001,"minecraft:white_wool":11,"minecraft:green_wool":30,"immersiveengineering:ore_aluminum":7,"immersiveengineering:treated_wood_vertical":1,"minecraft:smithing_table":2,"immersiveengineering:blastfurnace_preheater":3,"minecraft:oak_slab":28,"biomesoplenty:redwood_planks":34,"betterarcheology:archeology_table":1,"minecraft:glass_pane":52,"minecraft:cherry_planks":108,"immersiveengineering:sheetmetal_iron":9,"minecraft:brick_wall":2,"minecraft:dandelion":49,"travelersbackpack:standard":2,"minecraft:oak_fence":98,"minecraft:crafting_table":6,"minecraft:cornflower":4,"minecraft:short_grass":905,"minecraft:spruce_button":1,"minecraft:emerald_ore":1,"biomesoplenty:fir_planks":2,"minecraft:campfire":2,"minecraft:lectern":4,"immersiveengineering:blastbrick_reinforced":26,"easyanvils:minecraft/chipped_anvil":1,"minecraft:copper_ore":36,"minecraft:tall_grass":47,"minecraft:lapis_ore":10,"minecraft:deepslate_gold_ore":38,"minecraft:diorite":82,"minecraft:spruce_stairs":18,"biomesoplenty:redwood_slab":12,"minecraft:coarse_dirt":13,"minecraft:brick_slab":16,"minecraft:sweet_berry_bush":2,"minecraft:ice":2,"minecraft:spruce_log":3,"immersiveengineering:circuit_table":1,"minecraft:yellow_bed":2,"minecraft:coal_ore":197,"biomesoplenty:fir_leaves":1,"minecraft:gravel":116,"minecraft:terracotta":30,"immersiveengineering:stairs_treated_wood_horizontal":94,"immersiveengineering:treated_door":1,"immersiveengineering:crate":8,"biomesoplenty:redwood_wood":5,"minecraft:fern":8}},"DataVersion":3955}