{"stats":{"minecraft:crafted":{"minecraft:brick":32,"minecraft:oak_planks":8,"immersiveengineering:component_steel":2,"minecraft:smooth_stone":323,"immersiveengineering:hammer":1,"minecraft:cobblestone_slab":12,"minecraft:cherry_slab":12,"biomesoplenty:redwood_slab":102,"minecraft:stone":334,"minecraft:diamond_shovel":3,"minecraft:bookshelf":14,"minecraft:nether_brick":217,"minecraft:hopper":9,"immersiveengineering:ingot_silver":7,"immersiveengineering:drillhead_steel":1,"minecraft:chest":32,"immersiveengineering:ingot_steel":36,"immersiveengineering:storage_steel":1,"immersiveengineering:nugget_copper":9,"minecraft:rail":64,"immersiveengineering:wooden_grip":2,"immersiveengineering:plate_steel":12,"minecraft:emerald":649,"biomesoplenty:jacaranda_planks":128,"minecraft:cooked_porkchop":6,"minecraft:crafting_table":4,"minecraft:spruce_planks":148,"minecraft:smithing_table":1,"immersiveengineering:cokebrick":27,"biomesoplenty:fir_planks":4028,"minecraft:lectern":7,"minecraft:diamond_pickaxe":1,"minecraft:book":7,"minecraft:cherry_sign":3,"minecraft:paper":6,"minecraft:charcoal":218,"immersiveengineering:blastbrick":54,"minecraft:stick":10616,"minecraft:iron_pickaxe":5,"minecraft:iron_block":24,"immersiveengineering:heavy_engineering":4,"minecraft:gold_ingot":9,"minecraft:sandstone":17,"immersiveengineering:stick_treated":4,"minecraft:cherry_planks":476,"minecraft:stone_shovel":10,"minecraft:diamond_hoe":1,"minecraft:spruce_button":48,"minecraft:furnace":4,"immersiveengineering:sheetmetal_steel":4,"travelersbackpack:gold_tier_upgrade":1,"minecraft:cherry_trapdoor":6,"minecraft:iron_axe":4,"immersiveengineering:wirecutter":1,"minecraft:iron_hoe":1,"minecraft:spruce_slab":30,"minecraft:spruce_boat":1,"minecraft:dark_oak_planks":4,"immersiveengineering:ingot_uranium":11,"travelersbackpack:diamond_tier_upgrade":1,"minecraft:cooked_beef":46,"minecraft:cooked_cod":4,"minecraft:spruce_sign":12,"biomesoplenty:redwood_planks":2028,"minecraft:powered_rail":18,"minecraft:bucket":17,"minecraft:enchanted_book":4,"minecraft:air":0,"immersiveengineering:drill":1,"immersiveengineering:alloybrick":8,"minecraft:iron_shovel":1,"minecraft:anvil":1,"minecraft:torch":320},"minecraft:used":{"minecraft:iron_shovel":90,"minecraft:spruce_slab":18,"minecraft:dispenser":1,"minecraft:chest":21,"minecraft:carrot":80,"immersiveengineering:cokebrick":27,"minecraft:snowball":1,"minecraft:spruce_boat":1,"minecraft:lava_bucket":19,"minecraft:cooked_cod":4,"minecraft:furnace":12,"minecraft:oak_planks":9,"minecraft:powered_rail":2,"biomesoplenty:fir_planks":43,"minecraft:composter":4,"minecraft:diamond_axe":1408,"biomesoplenty:jacaranda_planks":129,"immersiveengineering:hammer":4,"minecraft:string":1,"minecraft:bread":6,"minecraft:lectern":11,"minecraft:smithing_table":3,"minecraft:andesite":20,"minecraft:experience_bottle":1,"biomesoplenty:redwood_planks":186,"minecraft:redstone":5,"minecraft:spruce_planks":34,"minecraft:cooked_salmon":9,"minecraft:torch":319,"minecraft:dirt":2488,"minecraft:anvil":1,"minecraft:hopper":3,"minecraft:yellow_carpet":4,"biomesoplenty:snowblossom_sapling":10,"minecraft:granite":13,"minecraft:iron_hoe":73,"minecraft:bookshelf":3,"minecraft:cherry_slab":4,"immersiveengineering:workbench":1,"minecraft:iron_axe":875,"minecraft:oak_stairs":1,"minecraft:spruce_button":44,"minecraft:cherry_trapdoor":5,"minecraft:barrel":7,"immersiveengineering:alloybrick":8,"minecraft:cooked_beef":36,"immersiveengineering:blastbrick":54,"biomesoplenty:redwood_slab":51,"minecraft:cooked_mutton":1,"minecraft:water_bucket":11,"minecraft:spruce_sign":9,"minecraft:green_bed":2,"minecraft:fletching_table":2,"minecraft:cherry_planks":337,"minecraft:cobblestone_slab":15,"farmersdelight:onion":9,"minecraft:rail":2,"minecraft:oak_slab":4,"minecraft:crafting_table":8,"minecraft:white_bed":10,"minecraft:cod":1,"minecraft:smoker":1,"minecraft:diamond_pickaxe":1877,"minecraft:apple":8,"minecraft:diamond_shovel":3937,"minecraft:iron_pickaxe":1064,"minecraft:cobblestone":120,"travelersbackpack:standard":8,"minecraft:porkchop":4,"minecraft:cooked_porkchop":6,"minecraft:bucket":29,"minecraft:yellow_bed":2,"minecraft:smooth_stone":144},"minecraft:broken":{"minecraft:diamond_shovel":2,"minecraft:diamond_pickaxe":1,"minecraft:diamond_axe":1,"minecraft:iron_axe":3,"minecraft:iron_pickaxe":4},"minecraft:dropped":{"biomesoplenty:fir_log":69,"farmersdelight:iron_knife":1,"minecraft:dark_oak_stairs":1,"immersiveengineering:blueprint":1,"minecraft:rail":7,"minecraft:item_frame":1,"immersiveengineering:crate":4,"minecraft:snowball":16,"minecraft:iron_pickaxe":1,"minecraft:gold_ingot":29,"minecraft:iron_nugget":13,"immersiveengineering:treated_wood_vertical":1,"biomesoplenty:white_petals":2,"minecraft:spruce_slab":1,"minecraft:wheat_seeds":2,"minecraft:cobblestone":41,"minecraft:copper_ingot":3,"immersiveengineering:stick_iron":3,"minecraft:stick":3,"minecraft:gray_wool":1,"minecraft:torch":2,"minecraft:cooked_salmon":6,"minecraft:iron_axe":1,"minecraft:iron_shovel":1,"minecraft:stone_shovel":17,"minecraft:smoker":1,"minecraft:iron_hoe":1,"minecraft:spruce_fence":10,"minecraft:filled_map":1,"minecraft:spider_eye":2},"minecraft:killed_by":{"minecraft:zombie":2,"minecraft:stray":1,"minecraft:iron_golem":1},"minecraft:custom":{"minecraft:interact_with_crafting_table":78,"minecraft:open_barrel":8,"minecraft:leave_game":4,"minecraft:time_since_death":546117,"minecraft:sprint_one_cm":1014297,"minecraft:drop":52,"minecraft:talked_to_villager":53,"minecraft:play_time":660062,"minecraft:deaths":5,"minecraft:jump":7418,"minecraft:walk_on_water_one_cm":52233,"minecraft:interact_with_furnace":160,"minecraft:traded_with_villager":678,"minecraft:sleep_in_bed":40,"minecraft:damage_dealt":11090,"minecraft:crouch_one_cm":76673,"minecraft:interact_with_smoker":16,"minecraft:inspect_dispenser":1,"minecraft:interact_with_smithing_table":2,"minecraft:interact_with_anvil":1,"minecraft:mob_kills":86,"minecraft:climb_one_cm":2732,"minecraft:walk_one_cm":1783257,"minecraft:sneak_time":19726,"minecraft:walk_under_water_one_cm":8927,"minecraft:boat_one_cm":1052,"minecraft:total_world_time":660062,"littlejoys:drop_rushes":1,"minecraft:time_since_rest":30327,"minecraft:damage_taken":4308,"minecraft:swim_one_cm":54365,"minecraft:fly_one_cm":1916102,"minecraft:open_chest":491,"minecraft:fall_one_cm":111810},"minecraft:killed":{"minecraft:witch":1,"minecraft:spider":3,"minecraft:skeleton":12,"minecraft:pig":5,"minecraft:zombie_villager":1,"minecraft:iron_golem":4,"minecraft:creeper":4,"minecraft:sheep":4,"minecraft:pillager":1,"minecraft:zombie":15,"minecraft:cow":23,"livingthings:snail":12},"minecraft:picked_up":{"minecraft:wheat":18,"minecraft:flower_pot":1,"minecraft:yellow_wool":10,"minecraft:smithing_table":2,"minecraft:oak_stairs":297,"minecraft:enchanted_book":3,"immersiveengineering:turntable":1,"immersiveengineering:treated_wood_vertical":1,"minecraft:string":6,"minecraft:raw_copper":128,"minecraft:cooked_salmon":15,"minecraft:sticky_piston":3,"minecraft:beetroot":2,"immersiveengineering:raw_lead":40,"biomesoplenty:redwood_slab":12,"minecraft:smooth_stone":10,"biomesoplenty:fir_planks":66,"minecraft:spruce_planks":29,"minecraft:cobblestone_slab":7,"biomesoplenty:redwood_wood":1117,"immersiveengineering:stairs_treated_wood_horizontal":94,"minecraft:furnace":4,"minecraft:stick":281,"minecraft:composter":5,"minecraft:oak_fence":64,"minecraft:torch":99,"minecraft:green_bed":3,"minecraft:brick_wall":2,"minecraft:spruce_stairs":18,"minecraft:porkchop":13,"minecraft:cherry_log":139,"minecraft:diorite":67,"minecraft:cauldron":1,"minecraft:rotten_flesh":16,"farmersdelight:onion":11,"minecraft:green_wool":30,"biomesoplenty:white_petals":2,"minecraft:white_terracotta":40,"minecraft:iron_bars":2,"minecraft:snowball":33,"minecraft:cobblestone":1942,"biomesoplenty:lavender":2,"minecraft:magma_block":22,"minecraft:repeater":2,"minecraft:cherry_planks":106,"minecraft:andesite":64,"minecraft:smoker":2,"minecraft:potato":28,"biomesoplenty:fir_sapling":220,"biomesoplenty:fir_log":1017,"minecraft:flint":10,"farmersdelight:tomato":5,"minecraft:dirt":3237,"minecraft:lantern":1,"biomesoplenty:snowblossom_sapling":98,"minecraft:bone":9,"minecraft:bow":1,"minecraft:wheat_seeds":199,"betterarcheology:archeology_table":1,"minecraft:bell":1,"minecraft:fletching_table":3,"minecraft:oak_planks":395,"biomesoplenty:toadstool":1,"minecraft:sand":75,"minecraft:oak_pressure_plate":5,"minecraft:poisonous_potato":1,"immersiveengineering:raw_aluminum":18,"immersiveengineering:circuit_table":1,"minecraft:dark_oak_log":1,"minecraft:barrel":9,"minecraft:mossy_cobblestone":19,"minecraft:dispenser":1,"minecraft:yellow_carpet":4,"minecraft:granite":71,"minecraft:spruce_button":6,"minecraft:oak_sapling":4,"minecraft:cherry_slab":4,"minecraft:netherrack":188,"minecraft:bricks":50,"minecraft:charcoal":4,"minecraft:coarse_dirt":13,"minecraft:crafting_table":3,"minecraft:azure_bluet":9,"minecraft:ladder":3,"minecraft:gold_block":1,"biomesoplenty:jacaranda_sapling":12,"minecraft:brick":4,"minecraft:cornflower":2,"immersiveengineering:stick_iron":3,"minecraft:beef":45,"immersiveengineering:crate":8,"immersiveengineering:workbench":1,"minecraft:iron_nugget":20,"minecraft:poppy":13,"minecraft:spruce_slab":10,"minecraft:lectern":4,"minecraft:minecart":1,"minecraft:chest":1,"minecraft:piston":2,"minecraft:raw_iron":26,"minecraft:oak_door":8,"minecraft:copper_ingot":3,"minecraft:spruce_fence":24,"farmersdelight:tomato_seeds":3,"minecraft:redstone":9,"minecraft:carrot":106,"biomesoplenty:redwood_planks":28,"minecraft:arrow":14,"minecraft:stone_shovel":7,"biomesoplenty:jacaranda_log":32,"minecraft:beetroot_seeds":5,"minecraft:hay_block":17,"minecraft:gold_ingot":29,"biomesoplenty:redwood_sapling":117,"minecraft:brick_stairs":114,"minecraft:mutton":6,"minecraft:white_wool":14,"minecraft:oxeye_daisy":2,"minecraft:stripped_oak_log":24,"minecraft:leather":17,"minecraft:oak_log":247,"minecraft:yellow_bed":2,"biomesoplenty:jacaranda_planks":1,"minecraft:gunpowder":4,"minecraft:cobblestone_stairs":39,"immersiveengineering:treated_wood_horizontal":61,"minecraft:cooked_mutton":1,"minecraft:spruce_wood":36,"minecraft:iron_ingot":20,"minecraft:stripped_oak_wood":6,"minecraft:dark_oak_stairs":1,"minecraft:book":9,"minecraft:oak_slab":22,"minecraft:sweet_berries":5,"immersiveengineering:lantern":2,"minecraft:dandelion":42,"minecraft:gravel":84,"minecraft:white_bed":10,"minecraft:spruce_log":1,"minecraft:green_carpet":2,"minecraft:spider_eye":2,"minecraft:brick_slab":16,"travelersbackpack:standard":2,"minecraft:slime_ball":20,"immersiveengineering:seed":136,"minecraft:terracotta":30,"minecraft:coal":289},"minecraft:mined":{"minecraft:spruce_planks":29,"minecraft:white_bed":10,"minecraft:cobblestone_stairs":39,"minecraft:cherry_log":4,"minecraft:granite":58,"minecraft:grass_block":2696,"minecraft:yellow_carpet":4,"minecraft:composter":5,"minecraft:oxeye_daisy":2,"minecraft:smooth_stone":10,"minecraft:magma_block":22,"minecraft:iron_ore":13,"minecraft:sticky_piston":3,"minecraft:barrel":9,"biomesoplenty:lavender":2,"minecraft:fletching_table":3,"minecraft:azure_bluet":8,"minecraft:dark_oak_stairs":1,"minecraft:potted_dandelion":1,"minecraft:water_cauldron":1,"minecraft:dirt_path":114,"minecraft:oak_stairs":295,"minecraft:iron_bars":2,"minecraft:spruce_wood":36,"immersiveengineering:ore_lead":15,"minecraft:spruce_slab":10,"farmersdelight:wild_potatoes":1,"minecraft:tripwire":2,"minecraft:green_bed":3,"biomesoplenty:jacaranda_planks":1,"minecraft:smoker":1,"minecraft:torch":18,"minecraft:poppy":4,"minecraft:chest":1,"minecraft:cobblestone":252,"minecraft:oak_planks":398,"minecraft:bricks":50,"minecraft:wall_torch":9,"minecraft:cherry_slab":4,"minecraft:white_terracotta":40,"minecraft:repeater":2,"minecraft:yellow_wool":10,"minecraft:wheat":18,"minecraft:stripped_oak_wood":6,"minecraft:oak_log":236,"minecraft:beetroots":2,"minecraft:sand":78,"minecraft:dirt":411,"minecraft:tripwire_hook":1,"minecraft:dispenser":1,"minecraft:netherrack":189,"minecraft:piston":2,"immersiveengineering:workbench":1,"farmersdelight:onions":3,"minecraft:mossy_cobblestone":19,"minecraft:oak_door":9,"farmersdelight:wild_carrots":15,"minecraft:dark_oak_log":1,"minecraft:glow_lichen":1,"minecraft:spruce_fence":23,"minecraft:decorated_pot":1,"minecraft:brick_stairs":114,"biomesoplenty:white_petals":1,"minecraft:redstone_wire":4,"farmersdelight:tomatoes":3,"minecraft:spruce_leaves":1,"minecraft:hay_block":17,"minecraft:furnace":4,"minecraft:carrots":19,"biomesoplenty:toadstool":1,"immersiveengineering:treated_wood_horizontal":62,"minecraft:andesite":66,"immersiveengineering:turntable":1,"treechop:chopped_log":32,"minecraft:gold_block":1,"minecraft:bookshelf":3,"minecraft:potatoes":7,"minecraft:cobblestone_slab":6,"immersiveengineering:lantern":2,"minecraft:lantern":1,"minecraft:stripped_oak_log":24,"minecraft:packed_ice":25,"minecraft:stone":1700,"minecraft:white_wool":10,"minecraft:green_wool":30,"immersiveengineering:ore_aluminum":7,"immersiveengineering:treated_wood_vertical":1,"minecraft:smithing_table":2,"minecraft:oak_slab":22,"betterarcheology:archeology_table":1,"biomesoplenty:redwood_planks":28,"minecraft:glass_pane":37,"minecraft:cherry_planks":107,"minecraft:brick_wall":2,"minecraft:dandelion":38,"travelersbackpack:standard":2,"minecraft:oak_fence":65,"minecraft:crafting_table":3,"minecraft:cornflower":2,"minecraft:short_grass":683,"biomesoplenty:fir_planks":2,"minecraft:lectern":4,"minecraft:campfire":2,"minecraft:copper_ore":36,"minecraft:tall_grass":41,"minecraft:diorite":67,"minecraft:spruce_stairs":18,"biomesoplenty:redwood_slab":12,"minecraft:coarse_dirt":13,"minecraft:brick_slab":16,"minecraft:sweet_berry_bush":2,"minecraft:ice":2,"minecraft:spruce_log":3,"immersiveengineering:circuit_table":1,"minecraft:yellow_bed":2,"minecraft:coal_ore":114,"biomesoplenty:fir_leaves":1,"minecraft:gravel":94,"minecraft:terracotta":30,"immersiveengineering:stairs_treated_wood_horizontal":94,"biomesoplenty:redwood_wood":5,"immersiveengineering:crate":8,"minecraft:fern":8}},"DataVersion":3955}