{"stats":{"minecraft:killed_by":{"minecraft:zombie":3,"minecraft:stray":1,"minecraft:creeper":1,"minecraft:iron_golem":1},"minecraft:custom":{"minecraft:interact_with_crafting_table":163,"minecraft:open_barrel":8,"minecraft:leave_game":9,"minecraft:time_since_death":529841,"minecraft:play_time":1526576,"minecraft:deaths":8,"minecraft:jump":14082,"minecraft:interact_with_furnace":238,"minecraft:traded_with_villager":1897,"minecraft:sleep_in_bed":70,"minecraft:damage_dealt":17716,"minecraft:interact_with_smoker":16,"minecraft:inspect_dispenser":1,"minecraft:interact_with_smithing_table":2,"minecraft:interact_with_anvil":15,"minecraft:inspect_hopper":19,"minecraft:sneak_time":36703,"minecraft:total_world_time":1526576,"littlejoys:drop_rushes":1,"minecraft:time_since_rest":15310,"minecraft:swim_one_cm":75471,"minecraft:fly_one_cm":3417412,"minecraft:open_chest":1142,"minecraft:fall_one_cm":206745,"minecraft:sprint_one_cm":1913132,"minecraft:drop":209,"minecraft:talked_to_villager":143,"minecraft:walk_on_water_one_cm":73028,"littlejoys:gold_rushes":4,"minecraft:crouch_one_cm":128364,"minecraft:mob_kills":118,"minecraft:climb_one_cm":5091,"minecraft:walk_one_cm":3305538,"minecraft:walk_under_water_one_cm":24692,"minecraft:boat_one_cm":1558,"minecraft:interact_with_grindstone":2,"minecraft:damage_taken":8344},"minecraft:mined":{"minecraft:white_bed":13,"minecraft:cherry_log":4,"minecraft:obsidian":18,"minecraft:granite":82,"immersiveengineering:blastbrick":52,"minecraft:yellow_carpet":5,"minecraft:hopper":4,"minecraft:oxeye_daisy":2,"minecraft:spawner":1,"minecraft:tall_seagrass":1,"minecraft:magma_block":22,"immersiveengineering:treated_post":1,"minecraft:cobbled_deepslate":2,"minecraft:sticky_piston":3,"minecraft:barrel":9,"biomesoplenty:lavender":2,"immersiveengineering:deepslate_ore_silver":40,"minecraft:pumpkin":20,"minecraft:fletching_table":3,"immersiveengineering:deepslate_ore_nickel":71,"minecraft:potted_dandelion":2,"immersiveengineering:connector_lv":5,"minecraft:water_cauldron":1,"minecraft:dirt_path":134,"minecraft:oak_stairs":529,"minecraft:spruce_wood":36,"farmersdelight:wild_potatoes":1,"minecraft:tripwire":2,"biomesoplenty:jacaranda_leaves":13,"biomesoplenty:jacaranda_planks":89,"minecraft:smoker":2,"minecraft:torch":68,"minecraft:bricks":50,"minecraft:cherry_slab":4,"minecraft:white_terracotta":51,"minecraft:repeater":2,"immersiveengineering:connector_mv_relay":5,"immersiveengineering:alloy_smelter":1,"immersiveengineering:cokebrick":97,"minecraft:wheat":27,"immersiveengineering:conveyor_basic":4,"minecraft:piston":3,"minecraft:deepslate":552,"minecraft:mossy_cobblestone":33,"farmersdelight:wild_carrots":15,"minecraft:dark_oak_log":1,"minecraft:spruce_fence":23,"biomesoplenty:white_petals":1,"minecraft:redstone_wire":4,"immersiveengineering:coke_oven":3,"immersiveengineering:ore_silver":1,"biomesoplenty:jacaranda_log":3,"immersiveengineering:capacitor_mv":1,"minecraft:andesite":91,"minecraft:potatoes":11,"minecraft:cobblestone_slab":6,"minecraft:white_wool":11,"minecraft:green_wool":30,"immersiveengineering:ore_aluminum":7,"immersiveengineering:treated_wood_vertical":1,"minecraft:smithing_table":2,"minecraft:oak_slab":28,"betterarcheology:archeology_table":1,"biomesoplenty:redwood_planks":36,"minecraft:glass_pane":52,"minecraft:cherry_planks":110,"minecraft:dandelion":53,"minecraft:cornflower":4,"minecraft:short_grass":927,"minecraft:spruce_button":1,"minecraft:emerald_ore":1,"biomesoplenty:fir_planks":2,"immersiveengineering:heavy_engineering":1,"minecraft:campfire":2,"immersiveengineering:blastbrick_reinforced":26,"minecraft:tall_grass":47,"minecraft:copper_ore":36,"minecraft:deepslate_gold_ore":38,"immersiveengineering:assembler":1,"minecraft:diorite":82,"biomesoplenty:redwood_slab":12,"minecraft:coarse_dirt":13,"minecraft:spruce_log":3,"minecraft:gravel":116,"immersiveengineering:crate":8,"minecraft:fern":8,"minecraft:spruce_planks":29,"immersiveengineering:fluid_pipe":35,"minecraft:cobblestone_stairs":41,"immersiveengineering:advanced_blast_furnace":1,"minecraft:grass_block":2891,"immersiveengineering:slag_brick":99,"minecraft:composter":5,"immersiveengineering:deepslate_ore_uranium":26,"minecraft:smooth_stone":13,"minecraft:iron_ore":14,"minecraft:azure_bluet":8,"minecraft:dark_oak_stairs":1,"minecraft:iron_bars":2,"immersiveengineering:ore_lead":17,"minecraft:spruce_slab":10,"minecraft:green_bed":4,"minecraft:deepslate_redstone_ore":53,"minecraft:clay":84,"minecraft:poppy":5,"minecraft:chest":23,"minecraft:cobblestone":416,"minecraft:oak_planks":478,"minecraft:wall_torch":16,"immersiveengineering:alloybrick":8,"minecraft:yellow_wool":11,"immersiveengineering:connector_mv":1,"minecraft:stripped_oak_wood":7,"minecraft:oak_log":310,"immersiveengineering:fluid_pump":2,"minecraft:beetroots":3,"minecraft:sand":315,"minecraft:dirt":738,"minecraft:tripwire_hook":1,"minecraft:dispenser":1,"minecraft:netherrack":189,"minecraft:oak_leaves":2,"immersiveengineering:workbench":5,"minecraft:tuff":36,"farmersdelight:onions":8,"immersiveengineering:blast_furnace":2,"minecraft:deepslate_diamond_ore":14,"minecraft:oak_door":11,"minecraft:glow_lichen":2,"minecraft:lever":1,"minecraft:decorated_pot":1,"minecraft:brick_stairs":114,"farmersdelight:tomatoes":3,"minecraft:spruce_leaves":1,"biomesoplenty:jacaranda_sapling":1,"minecraft:hay_block":22,"immersiveengineering:stairs_slag_brick":5,"minecraft:furnace":13,"minecraft:carrots":25,"biomesoplenty:toadstool":1,"immersiveengineering:treated_wood_horizontal":62,"immersiveengineering:turntable":1,"treechop:chopped_log":70,"minecraft:gold_block":1,"minecraft:bookshelf":9,"minecraft:deepslate_iron_ore":2,"immersiveengineering:lantern":2,"minecraft:lantern":1,"minecraft:packed_ice":25,"minecraft:stripped_oak_log":24,"immersiveengineering:light_engineering":1,"minecraft:stone":2205,"immersiveengineering:blastfurnace_preheater":3,"immersiveengineering:sheetmetal_iron":10,"minecraft:brick_wall":2,"travelersbackpack:standard":2,"minecraft:oak_fence":98,"minecraft:crafting_table":6,"minecraft:lectern":4,"easyanvils:minecraft/chipped_anvil":4,"minecraft:lapis_ore":10,"minecraft:spruce_stairs":18,"minecraft:brick_slab":16,"minecraft:sweet_berry_bush":2,"minecraft:ice":2,"immersiveengineering:circuit_table":5,"minecraft:yellow_bed":2,"immersiveengineering:steel_scaffolding_standard":5,"minecraft:coal_ore":212,"biomesoplenty:fir_leaves":1,"minecraft:terracotta":30,"immersiveengineering:stairs_treated_wood_horizontal":94,"immersiveengineering:treated_door":1,"biomesoplenty:redwood_wood":5},"minecraft:used":{"immersiveengineering:fluid_pump":4,"minecraft:spruce_slab":18,"minecraft:dispenser":1,"minecraft:chest":138,"minecraft:snowball":1,"minecraft:spruce_boat":1,"immersiveengineering:rs_engineering":5,"minecraft:lava_bucket":20,"biomesoplenty:jacaranda_sapling":60,"immersiveengineering:blastfurnace_preheater":7,"minecraft:furnace":18,"minecraft:cooked_cod":4,"minecraft:powered_rail":2,"minecraft:composter":4,"minecraft:blast_furnace":1,"biomesoplenty:jacaranda_planks":916,"immersiveengineering:hammer":59,"minecraft:lectern":23,"minecraft:cherry_sign":3,"minecraft:diamond_sword":97,"minecraft:smithing_table":3,"biomesoplenty:jacaranda_button":3,"immersiveengineering:connector_mv":19,"minecraft:cooked_salmon":9,"minecraft:torch":421,"minecraft:anvil":1,"minecraft:yellow_carpet":4,"biomesoplenty:snowblossom_sapling":10,"immersiveengineering:circuit_table":5,"immersiveengineering:steel_fence":8,"minecraft:chipped_anvil":4,"immersiveengineering:connector_mv_relay":16,"immersiveengineering:workbench":6,"minecraft:iron_axe":875,"minecraft:cherry_slab":4,"minecraft:spruce_button":53,"biomesoplenty:jacaranda_log":3,"minecraft:barrel":11,"immersiveengineering:wirecoil_electrum":92,"minecraft:cobbled_deepslate":51,"minecraft:water_bucket":25,"immersiveengineering:thermoelectric_generator":5,"minecraft:cherry_planks":419,"minecraft:fletching_table":2,"immersiveengineering:capacitor_mv":3,"minecraft:rail":2,"minecraft:oak_slab":4,"minecraft:crafting_table":11,"minecraft:white_bed":12,"minecraft:cod":1,"minecraft:diamond_pickaxe":4014,"minecraft:diamond_shovel":5938,"minecraft:iron_pickaxe":1064,"immersiveengineering:light_engineering":13,"placers:immersive_multiblock_controller":1,"immersiveengineering:stairs_slag_brick":10,"immersiveengineering:sheetmetal_iron":55,"minecraft:cobblestone":190,"travelersbackpack:standard":19,"minecraft:porkchop":4,"minecraft:cooked_porkchop":6,"immersiveengineering:blastbrick_reinforced":81,"immersiveengineering:steel_scaffolding_standard":25,"minecraft:iron_shovel":90,"minecraft:oak_sign":3,"minecraft:white_terracotta":11,"immersiveengineering:treated_door":1,"minecraft:carrot":80,"immersiveengineering:connector_lv":5,"immersiveengineering:cokebrick":154,"minecraft:oak_planks":9,"biomesoplenty:fir_planks":43,"minecraft:diamond_axe":2283,"immersiveengineering:slab_sheetmetal_iron":6,"minecraft:lever":8,"minecraft:string":1,"minecraft:bread":88,"minecraft:grindstone":1,"minecraft:andesite":32,"minecraft:experience_bottle":1,"immersiveengineering:conveyor_basic":10,"biomesoplenty:redwood_planks":275,"minecraft:redstone":5,"minecraft:spruce_planks":34,"minecraft:dirt":3444,"minecraft:hopper":27,"immersiveengineering:fluid_pipe":46,"minecraft:granite":14,"immersiveengineering:storage_uranium":3,"minecraft:iron_hoe":73,"minecraft:bookshelf":9,"immersiveengineering:treated_fence":4,"minecraft:oak_stairs":11,"minecraft:cherry_trapdoor":5,"biomesoplenty:redwood_boat":1,"biomesoplenty:redwood_button":20,"immersiveengineering:alloybrick":17,"immersiveengineering:blastbrick":54,"minecraft:cooked_beef":46,"biomesoplenty:redwood_slab":79,"immersiveengineering:slag_brick":289,"minecraft:cooked_mutton":1,"minecraft:spruce_sign":12,"minecraft:green_bed":5,"minecraft:cobblestone_slab":15,"farmersdelight:onion":9,"minecraft:smoker":1,"minecraft:piston":3,"minecraft:apple":8,"immersiveengineering:heavy_engineering":3,"minecraft:bucket":53,"minecraft:yellow_bed":2,"minecraft:smooth_stone":147,"immersiveengineering:treated_post":4},"minecraft:crafted":{"travelersbackpack:magnet_upgrade":1,"minecraft:smooth_stone":323,"immersiveengineering:hammer":4,"minecraft:chainmail_helmet":7,"minecraft:oak_sign":3,"immersiveengineering:slag_brick":356,"immersiveengineering:fluid_pipe":40,"minecraft:lever":10,"minecraft:diamond_shovel":3,"immersiveengineering:ingot_nickel":77,"minecraft:nether_brick":217,"minecraft:bookshelf":34,"placers:immersive_multiblock_controller":1,"immersiveengineering:stick_steel":52,"immersiveengineering:workbench":1,"immersiveengineering:ingot_silver":72,"minecraft:diamond_helmet":1,"minecraft:diamond_leggings":1,"immersiveengineering:drillhead_steel":1,"immersiveengineering:light_engineering":32,"immersiveengineering:nugget_copper":9,"immersiveengineering:bullet_casull":48,"immersiveengineering:plate_electrum":16,"minecraft:emerald":1582,"minecraft:cooked_porkchop":6,"minecraft:diamond_axe":1,"immersiveengineering:slab_treated_wood_horizontal":6,"minecraft:green_bed":3,"immersiveengineering:blastbrick_reinforced":54,"minecraft:smithing_table":1,"minecraft:copper_ingot":128,"immersiveengineering:wirecoil_steel":14,"immersiveengineering:capacitor_mv":2,"immersiveengineering:raw_block_silver":4,"immersiveengineering:connector_mv_relay":8,"minecraft:lectern":21,"minecraft:cherry_sign":3,"immersiveengineering:storage_uranium":3,"minecraft:stone_slab":6,"minecraft:iron_pickaxe":5,"minecraft:iron_block":70,"minecraft:gold_ingot":19,"minecraft:sandstone":33,"immersiveengineering:heavy_engineering":4,"immersiveengineering:wirecoil_copper":76,"minecraft:stone_shovel":10,"minecraft:diamond_hoe":1,"minecraft:pointed_dripstone":128,"travelersbackpack:gold_tier_upgrade":1,"immersiveengineering:stairs_slag_brick":8,"minecraft:cherry_trapdoor":6,"immersiveengineering:fluid_pump":2,"immersiveengineering:raw_block_uranium":4,"minecraft:spruce_slab":30,"immersiveengineering:coil_lv":5,"minecraft:diamond_boots":1,"immersiveengineering:treated_fence":18,"minecraft:spruce_boat":1,"immersiveengineering:plate_nickel":5,"minecraft:dark_oak_planks":4,"immersiveengineering:ingot_uranium":36,"immersiveengineering:treated_post":4,"minecraft:chainmail_leggings":28,"minecraft:wheat":198,"immersiveengineering:rs_engineering":8,"immersiveengineering:treated_door":3,"biomesoplenty:redwood_planks":2716,"minecraft:enchanted_book":26,"immersiveengineering:blueprint":1,"biomesoplenty:jacaranda_button":4,"immersiveengineering:drill":1,"immersiveengineering:alloybrick":8,"immersiveengineering:conveyor_basic":8,"minecraft:iron_shovel":1,"immersiveengineering:blastfurnace_preheater":4,"immersiveengineering:steel_fence":21,"minecraft:brick":160,"minecraft:grindstone":1,"immersiveengineering:component_steel":2,"minecraft:oak_planks":264,"minecraft:cobblestone_slab":12,"immersiveengineering:plate_constantan":25,"minecraft:barrel":2,"immersiveengineering:slab_sheetmetal_iron":24,"minecraft:cherry_slab":12,"immersiveengineering:manual":1,"biomesoplenty:redwood_slab":210,"minecraft:stone":388,"immersiveengineering:steel_scaffolding_standard":48,"immersiveengineering:sheetmetal_iron":132,"immersiveengineering:bullet_silver":7,"minecraft:hopper":30,"minecraft:iron_boots":11,"minecraft:chest":165,"immersiveengineering:ingot_steel":270,"immersiveengineering:storage_steel":1,"immersiveengineering:treated_wood_horizontal":48,"minecraft:rail":64,"immersiveengineering:wooden_grip":3,"immersiveengineering:plate_steel":72,"minecraft:stone_bricks":4,"immersiveengineering:ingot_aluminum":1,"biomesoplenty:jacaranda_planks":864,"minecraft:crafting_table":7,"minecraft:spruce_planks":148,"immersiveengineering:wire_copper":64,"immersiveengineering:cokebrick":75,"immersiveengineering:connector_lv":8,"biomesoplenty:fir_planks":4028,"biomesoplenty:redwood_button":64,"biomesoplenty:redwood_boat":1,"minecraft:book":7,"minecraft:paper":6,"minecraft:diamond_pickaxe":2,"minecraft:charcoal":218,"immersiveengineering:blastbrick":54,"minecraft:stick":10616,"minecraft:iron_ingot":99,"immersiveengineering:connector_mv":16,"immersiveengineering:furnace_heater":4,"immersiveengineering:thermoelectric_generator":5,"immersiveengineering:stick_treated":20,"immersiveengineering:plate_copper":83,"minecraft:cherry_planks":476,"immersiveengineering:bullet_flare":9,"minecraft:spruce_button":48,"minecraft:furnace":5,"minecraft:blast_furnace":1,"immersiveengineering:wirecoil_electrum":208,"immersiveengineering:sheetmetal_steel":4,"minecraft:iron_axe":14,"immersiveengineering:wirecutter":1,"minecraft:iron_hoe":1,"immersiveengineering:wire_electrum":16,"travelersbackpack:diamond_tier_upgrade":1,"minecraft:cooked_beef":46,"minecraft:cooked_cod":4,"immersiveengineering:basic_engineering":20,"minecraft:diamond_sword":1,"minecraft:spruce_sign":12,"minecraft:powered_rail":18,"minecraft:bucket":19,"minecraft:bread":77,"minecraft:air":0,"minecraft:blue_dye":3,"immersiveengineering:redstone_acid_bucket":2,"minecraft:anvil":1,"immersiveengineering:plate_iron":122,"minecraft:torch":320,"minecraft:diamond_chestplate":1,"immersiveengineering:craftingtable":1},"minecraft:broken":{"minecraft:iron_boots":1,"minecraft:diamond_shovel":2,"minecraft:diamond_pickaxe":1,"minecraft:iron_axe":3,"minecraft:iron_pickaxe":4,"minecraft:iron_helmet":1,"minecraft:diamond_axe":1},"minecraft:killed":{"minecraft:skeleton":23,"minecraft:iron_golem":4,"minecraft:pillager":1,"minecraft:zombie":31,"minecraft:cow":23,"livingthings:snail":12,"minecraft:wandering_trader":1,"minecraft:enderman":1,"minecraft:witch":1,"minecraft:spider":3,"minecraft:pig":5,"minecraft:zombie_villager":1,"minecraft:creeper":4,"minecraft:sheep":4,"minecraft:trader_llama":2},"minecraft:dropped":{"biomesoplenty:fir_log":69,"farmersdelight:iron_knife":1,"minecraft:rail":7,"minecraft:item_frame":1,"minecraft:iron_pickaxe":1,"minecraft:iron_nugget":13,"immersiveengineering:treated_wood_vertical":1,"immersiveengineering:raw_aluminum":26,"biomesoplenty:white_petals":2,"minecraft:leather_leggings":1,"minecraft:spruce_slab":1,"minecraft:wheat_seeds":6,"minecraft:cobblestone":51,"minecraft:chainmail_helmet":14,"immersiveengineering:rs_engineering":2,"minecraft:gray_wool":1,"minecraft:cooked_salmon":6,"minecraft:iron_shovel":1,"minecraft:chainmail_leggings":56,"immersiveengineering:raw_nickel":101,"minecraft:stone_shovel":17,"minecraft:iron_boots":22,"immersiveengineering:raw_block_uranium":4,"minecraft:spruce_fence":10,"minecraft:spider_eye":2,"minecraft:dark_oak_stairs":1,"immersiveengineering:blueprint":1,"immersiveengineering:crate":4,"minecraft:snowball":16,"immersiveengineering:raw_lead":46,"minecraft:gold_ingot":29,"immersiveengineering:raw_silver":1,"minecraft:poppy":1628,"minecraft:leather_chestplate":1,"minecraft:copper_ingot":3,"immersiveengineering:stick_iron":3,"minecraft:stick":3,"minecraft:torch":2,"immersiveengineering:raw_block_silver":4,"minecraft:iron_leggings":1,"minecraft:iron_axe":20,"minecraft:dandelion":2,"immersiveengineering:raw_uranium":1,"minecraft:smoker":1,"minecraft:iron_hoe":1,"minecraft:filled_map":1,"minecraft:iron_chestplate":1},"minecraft:picked_up":{"minecraft:flower_pot":4,"minecraft:prismarine_shard":7,"minecraft:stone_slab":5,"minecraft:smithing_table":3,"minecraft:lead":2,"minecraft:oak_stairs":531,"minecraft:enchanted_book":10,"immersiveengineering:turntable":2,"immersiveengineering:blastbrick":54,"immersiveengineering:stick_treated":4,"minecraft:amethyst_block":113,"farmersdelight:cutting_board":1,"minecraft:string":27,"minecraft:cooked_salmon":15,"minecraft:beetroot":5,"minecraft:gold_nugget":22,"minecraft:cobbled_deepslate":617,"minecraft:spruce_planks":29,"immersiveengineering:capacitor_mv":1,"biomesoplenty:redwood_wood":1161,"minecraft:composter":6,"minecraft:brick_wall":4,"minecraft:green_bed":5,"minecraft:golden_axe":1,"minecraft:cherry_log":158,"minecraft:cauldron":2,"farmersdelight:onion":62,"immersiveengineering:connector_mv_relay":9,"minecraft:bookshelf":4,"minecraft:white_terracotta":91,"minecraft:iron_bars":4,"minecraft:snowball":49,"biomesoplenty:lavender":8,"minecraft:magma_block":26,"minecraft:smoker":4,"biomesoplenty:fir_sapling":455,"biomesoplenty:fir_log":1151,"minecraft:flint":29,"farmersdelight:tomato":10,"minecraft:lantern":3,"biomesoplenty:snowblossom_sapling":124,"minecraft:chipped_anvil":4,"minecraft:moss_block":14,"immersiveengineering:blueprint":3,"immersiveengineering:raw_uranium":62,"minecraft:dark_oak_log":1,"minecraft:barrel":9,"minecraft:dispenser":1,"minecraft:lever":3,"minecraft:granite":152,"minecraft:spruce_button":7,"minecraft:chainmail_helmet":7,"immersiveengineering:raw_nickel":165,"minecraft:cherry_slab":4,"minecraft:bricks":100,"immersiveengineering:conveyor_basic":4,"minecraft:crafting_table":6,"minecraft:coarse_dirt":26,"minecraft:clay_ball":336,"minecraft:leather_leggings":1,"immersiveengineering:coal_coke":35,"biomesoplenty:jacaranda_sapling":138,"minecraft:cornflower":6,"immersiveengineering:stick_iron":14,"immersiveengineering:ingot_uranium":11,"minecraft:flint_and_steel":1,"immersiveengineering:fluid_pump":2,"minecraft:beef":45,"minecraft:poppy":27,"minecraft:iron_nugget":57,"minecraft:spruce_slab":10,"minecraft:minecart":1,"immersiveengineering:stick_steel":4,"minecraft:chest":23,"minecraft:piston":5,"minecraft:diamond_hoe":1,"immersiveengineering:hemp_fabric":3,"immersiveengineering:drill":1,"minecraft:stone":8,"minecraft:oak_door":10,"immersiveengineering:ingot_electrum":13,"minecraft:spruce_fence":24,"minecraft:fire_charge":1,"farmersdelight:tomato_seeds":31,"minecraft:carrot":163,"minecraft:redstone":434,"minecraft:prismarine_crystals":2,"minecraft:stone_shovel":7,"biomesoplenty:jacaranda_log":219,"minecraft:beetroot_seeds":18,"minecraft:hay_block":22,"immersiveengineering:blastbrick_reinforced":27,"minecraft:gold_ingot":38,"immersiveengineering:rs_engineering":2,"biomesoplenty:redwood_sapling":117,"minecraft:glow_berries":8,"minecraft:mutton":12,"immersiveengineering:light_engineering":1,"minecraft:rail":62,"minecraft:white_wool":23,"minecraft:oxeye_daisy":4,"minecraft:stripped_oak_log":24,"minecraft:clock":1,"minecraft:filled_map":1,"minecraft:oak_log":342,"minecraft:paper":23,"immersiveengineering:cokebrick":100,"minecraft:kelp":9,"minecraft:apple":2,"farmersdelight:cooking_pot":1,"minecraft:cobweb":5,"immersiveengineering:nugget_silver":5,"travelersbackpack:blank_upgrade":1,"minecraft:dark_oak_stairs":1,"minecraft:sweet_berries":10,"immersiveengineering:lantern":4,"minecraft:gravel":188,"minecraft:spruce_log":1,"minecraft:crying_obsidian":1,"travelersbackpack:standard":2,"minecraft:slime_ball":53,"immersiveengineering:seed":311,"minecraft:hopper":10,"immersiveengineering:connector_mv":3,"immersiveengineering:raw_silver":102,"minecraft:ender_pearl":3,"minecraft:wheat":61,"immersiveengineering:wirecoil_electrum":21,"minecraft:yellow_wool":13,"minecraft:sentry_armor_trim_smithing_template":2,"minecraft:nether_brick":65,"immersiveengineering:treated_wood_vertical":1,"minecraft:raw_copper":317,"minecraft:sticky_piston":6,"immersiveengineering:nugget_lead":10,"immersiveengineering:raw_lead":86,"biomesoplenty:redwood_slab":12,"minecraft:smooth_stone":202,"biomesoplenty:fir_planks":66,"minecraft:bucket":5,"minecraft:cobblestone_slab":11,"immersiveengineering:stairs_treated_wood_horizontal":188,"farmersdelight:cabbage_seeds":7,"minecraft:iron_boots":11,"minecraft:furnace":21,"minecraft:stick":393,"minecraft:oak_fence":97,"minecraft:torch":179,"minecraft:spruce_stairs":18,"immersiveengineering:slag_brick":99,"minecraft:porkchop":16,"minecraft:dried_kelp":5,"minecraft:diorite":145,"immersiveengineering:alloybrick":9,"immersiveengineering:fluid_pipe":35,"immersiveengineering:stairs_slag_brick":5,"farmersdelight:tomato_crate":8,"minecraft:rotten_flesh":83,"minecraft:green_wool":60,"biomesoplenty:white_petals":2,"minecraft:obsidian":28,"minecraft:cobblestone":4204,"minecraft:leather_chestplate":1,"farmersdelight:onion_crate":10,"minecraft:repeater":4,"minecraft:cherry_planks":109,"minecraft:andesite":139,"minecraft:potato":89,"minecraft:tuff":34,"immersiveengineering:treated_door":1,"minecraft:lapis_lazuli":197,"immersiveengineering:sheetmetal_iron":11,"minecraft:dirt":3771,"minecraft:bone":117,"minecraft:bow":3,"minecraft:wheat_seeds":475,"betterarcheology:archeology_table":2,"minecraft:raw_gold":125,"minecraft:bell":2,"immersiveengineering:nugget_copper":7,"minecraft:fletching_table":4,"minecraft:powered_rail":16,"minecraft:oak_planks":475,"biomesoplenty:toadstool":2,"immersiveengineering:creosote_bucket":11,"immersiveengineering:raw_aluminum":45,"minecraft:oak_pressure_plate":5,"minecraft:poisonous_potato":2,"minecraft:sand":319,"immersiveengineering:circuit_table":6,"minecraft:grass_block":1,"minecraft:mossy_cobblestone":58,"minecraft:yellow_carpet":10,"minecraft:diamond":62,"minecraft:emerald":379,"minecraft:oak_sapling":12,"minecraft:netherrack":188,"minecraft:fishing_rod":1,"minecraft:charcoal":104,"immersiveengineering:wirecutter":1,"minecraft:azure_bluet":19,"minecraft:ladder":3,"immersiveengineering:heavy_engineering":4,"minecraft:gold_block":1,"minecraft:brick":4,"minecraft:iron_axe":9,"immersiveengineering:crate":12,"immersiveengineering:workbench":6,"minecraft:lectern":4,"minecraft:sugar_cane":4,"minecraft:raw_iron":64,"minecraft:copper_ingot":3,"minecraft:bowl":37,"biomesoplenty:redwood_planks":63,"minecraft:arrow":42,"immersiveengineering:steel_scaffolding_standard":5,"immersiveengineering:component_iron":3,"immersiveengineering:treated_post":1,"minecraft:golden_hoe":1,"minecraft:saddle":3,"minecraft:brick_stairs":228,"immersiveengineering:ingot_steel":11,"immersiveengineering:connector_lv":5,"minecraft:glow_ink_sac":18,"minecraft:leather":30,"minecraft:yellow_bed":2,"biomesoplenty:jacaranda_planks":88,"minecraft:gunpowder":14,"minecraft:cobblestone_stairs":80,"immersiveengineering:treated_wood_horizontal":120,"immersiveengineering:stick_aluminum":1,"minecraft:cooked_mutton":1,"minecraft:coast_armor_trim_smithing_template":6,"minecraft:spruce_wood":36,"minecraft:iron_ingot":99,"minecraft:stripped_oak_wood":7,"minecraft:book":31,"minecraft:oak_slab":28,"minecraft:pumpkin":37,"minecraft:dandelion":103,"minecraft:amethyst_shard":13,"minecraft:white_bed":13,"minecraft:green_carpet":4,"minecraft:spider_eye":2,"minecraft:brick_slab":32,"minecraft:pumpkin_seeds":4,"minecraft:chainmail_leggings":28,"minecraft:terracotta":60,"minecraft:coal":769,"farmersdelight:stove":1,"immersiveengineering:blastfurnace_preheater":3}},"DataVersion":3955}