{"stats":{"minecraft:dropped":{"biomesoplenty:fir_log":48,"farmersdelight:iron_knife":1,"minecraft:dark_oak_stairs":1,"immersiveengineering:blueprint":1,"minecraft:rail":7,"minecraft:item_frame":1,"immersiveengineering:crate":4,"minecraft:snowball":16,"minecraft:gold_ingot":29,"minecraft:iron_nugget":13,"immersiveengineering:treated_wood_vertical":1,"biomesoplenty:white_petals":2,"minecraft:spruce_slab":1,"minecraft:wheat_seeds":2,"minecraft:cobblestone":41,"minecraft:copper_ingot":3,"immersiveengineering:stick_iron":3,"minecraft:stick":3,"minecraft:gray_wool":1,"minecraft:torch":2,"minecraft:cooked_salmon":6,"minecraft:smoker":1,"minecraft:spruce_fence":10,"minecraft:filled_map":1,"minecraft:spider_eye":2},"minecraft:picked_up":{"minecraft:wheat":9,"minecraft:flower_pot":1,"minecraft:yellow_wool":4,"minecraft:smithing_table":2,"minecraft:oak_stairs":228,"minecraft:enchanted_book":3,"immersiveengineering:turntable":1,"immersiveengineering:treated_wood_vertical":1,"minecraft:string":6,"minecraft:raw_copper":41,"minecraft:cooked_salmon":15,"minecraft:sticky_piston":3,"minecraft:beetroot":1,"biomesoplenty:fir_planks":2,"minecraft:spruce_planks":1,"biomesoplenty:redwood_wood":1117,"minecraft:furnace":4,"minecraft:stick":219,"minecraft:composter":5,"minecraft:oak_fence":28,"minecraft:torch":36,"minecraft:green_bed":1,"minecraft:porkchop":10,"minecraft:cherry_log":119,"minecraft:cauldron":1,"minecraft:rotten_flesh":9,"farmersdelight:onion":11,"biomesoplenty:white_petals":2,"minecraft:snowball":33,"minecraft:cobblestone":508,"biomesoplenty:lavender":1,"minecraft:magma_block":22,"minecraft:repeater":2,"minecraft:cherry_planks":1,"minecraft:andesite":26,"minecraft:potato":15,"minecraft:smoker":2,"biomesoplenty:fir_sapling":154,"biomesoplenty:fir_log":719,"minecraft:flint":3,"minecraft:dirt":1207,"farmersdelight:tomato":3,"minecraft:lantern":1,"biomesoplenty:snowblossom_sapling":84,"minecraft:bone":9,"minecraft:bow":1,"minecraft:wheat_seeds":94,"betterarcheology:archeology_table":1,"minecraft:bell":1,"minecraft:fletching_table":2,"minecraft:oak_planks":241,"minecraft:sand":66,"minecraft:oak_pressure_plate":1,"minecraft:poisonous_potato":1,"immersiveengineering:circuit_table":1,"minecraft:dark_oak_log":1,"minecraft:barrel":9,"minecraft:mossy_cobblestone":8,"minecraft:dispenser":1,"minecraft:yellow_carpet":4,"minecraft:granite":13,"minecraft:spruce_button":6,"minecraft:netherrack":188,"minecraft:crafting_table":2,"minecraft:coarse_dirt":13,"minecraft:azure_bluet":4,"minecraft:ladder":3,"minecraft:gold_block":1,"biomesoplenty:jacaranda_sapling":8,"minecraft:brick":4,"minecraft:cornflower":1,"immersiveengineering:stick_iron":3,"minecraft:beef":42,"immersiveengineering:crate":4,"immersiveengineering:workbench":1,"minecraft:iron_nugget":20,"minecraft:poppy":11,"minecraft:spruce_slab":7,"minecraft:minecart":1,"minecraft:chest":1,"minecraft:piston":2,"minecraft:raw_iron":22,"minecraft:oak_door":4,"minecraft:copper_ingot":3,"minecraft:spruce_fence":10,"farmersdelight:tomato_seeds":2,"minecraft:redstone":9,"minecraft:carrot":39,"minecraft:arrow":11,"biomesoplenty:jacaranda_log":16,"minecraft:beetroot_seeds":3,"minecraft:gold_ingot":29,"biomesoplenty:redwood_sapling":117,"minecraft:mutton":4,"minecraft:white_wool":7,"minecraft:oxeye_daisy":1,"minecraft:stripped_oak_log":6,"minecraft:leather":17,"minecraft:oak_log":72,"minecraft:yellow_bed":1,"minecraft:gunpowder":4,"minecraft:cobblestone_stairs":1,"immersiveengineering:treated_wood_horizontal":2,"minecraft:cooked_mutton":1,"minecraft:spruce_wood":36,"minecraft:iron_ingot":20,"minecraft:stripped_oak_wood":3,"minecraft:dark_oak_stairs":1,"minecraft:book":3,"minecraft:oak_slab":8,"minecraft:sweet_berries":5,"minecraft:dandelion":26,"minecraft:gravel":4,"minecraft:white_bed":10,"minecraft:spruce_log":1,"minecraft:green_carpet":2,"minecraft:spider_eye":2,"travelersbackpack:standard":2,"minecraft:slime_ball":20,"immersiveengineering:seed":64,"minecraft:coal":64},"minecraft:killed":{"minecraft:witch":1,"minecraft:spider":3,"minecraft:skeleton":10,"minecraft:pig":4,"minecraft:iron_golem":4,"minecraft:creeper":4,"minecraft:sheep":3,"minecraft:pillager":1,"minecraft:zombie":9,"minecraft:cow":22,"livingthings:snail":12},"minecraft:killed_by":{"minecraft:zombie":2,"minecraft:stray":1,"minecraft:iron_golem":1},"minecraft:crafted":{"minecraft:brick":32,"minecraft:oak_planks":8,"minecraft:smooth_stone":309,"immersiveengineering:hammer":1,"minecraft:cherry_slab":12,"minecraft:stone":323,"minecraft:diamond_shovel":2,"minecraft:bookshelf":4,"minecraft:nether_brick":81,"minecraft:hopper":9,"minecraft:chest":32,"minecraft:emerald":174,"biomesoplenty:jacaranda_planks":64,"minecraft:cooked_porkchop":6,"minecraft:crafting_table":1,"minecraft:spruce_planks":148,"immersiveengineering:cokebrick":27,"biomesoplenty:fir_planks":2920,"minecraft:lectern":3,"minecraft:paper":6,"minecraft:book":7,"minecraft:charcoal":218,"minecraft:cherry_sign":3,"immersiveengineering:blastbrick":27,"minecraft:stick":5328,"minecraft:sandstone":9,"immersiveengineering:stick_treated":4,"minecraft:cherry_planks":288,"minecraft:spruce_button":48,"minecraft:furnace":4,"travelersbackpack:gold_tier_upgrade":1,"minecraft:cherry_trapdoor":2,"immersiveengineering:wirecutter":1,"minecraft:spruce_slab":30,"minecraft:spruce_boat":1,"minecraft:dark_oak_planks":4,"travelersbackpack:diamond_tier_upgrade":1,"minecraft:cooked_beef":17,"minecraft:cooked_cod":4,"minecraft:spruce_sign":12,"minecraft:bucket":17,"minecraft:enchanted_book":2,"minecraft:air":0,"minecraft:torch":128},"minecraft:broken":{"minecraft:diamond_shovel":1},"minecraft:custom":{"minecraft:interact_with_crafting_table":42,"minecraft:open_barrel":8,"minecraft:leave_game":2,"minecraft:time_since_death":241708,"minecraft:sprint_one_cm":579499,"minecraft:drop":30,"minecraft:talked_to_villager":26,"minecraft:play_time":355653,"minecraft:deaths":5,"minecraft:jump":4810,"minecraft:walk_on_water_one_cm":19905,"minecraft:interact_with_furnace":131,"minecraft:traded_with_villager":178,"minecraft:sleep_in_bed":21,"minecraft:damage_dealt":8859,"minecraft:crouch_one_cm":28405,"minecraft:interact_with_smoker":13,"minecraft:inspect_dispenser":1,"minecraft:interact_with_smithing_table":2,"minecraft:mob_kills":74,"minecraft:climb_one_cm":2732,"minecraft:walk_one_cm":824301,"minecraft:sneak_time":7905,"minecraft:walk_under_water_one_cm":8346,"minecraft:boat_one_cm":1052,"minecraft:total_world_time":355653,"minecraft:time_since_rest":6696,"minecraft:damage_taken":3272,"minecraft:swim_one_cm":52331,"minecraft:fly_one_cm":1323264,"minecraft:open_chest":329,"minecraft:fall_one_cm":78790},"minecraft:mined":{"minecraft:spruce_planks":1,"minecraft:white_bed":10,"minecraft:cherry_log":4,"minecraft:cobblestone_stairs":1,"minecraft:grass_block":981,"minecraft:yellow_carpet":4,"minecraft:composter":5,"minecraft:oxeye_daisy":1,"minecraft:magma_block":22,"minecraft:barrel":9,"minecraft:iron_ore":9,"minecraft:sticky_piston":3,"biomesoplenty:lavender":1,"minecraft:fletching_table":2,"minecraft:azure_bluet":3,"minecraft:dark_oak_stairs":1,"minecraft:potted_dandelion":1,"minecraft:water_cauldron":1,"minecraft:dirt_path":79,"minecraft:oak_stairs":235,"minecraft:spruce_wood":36,"minecraft:spruce_slab":7,"farmersdelight:wild_potatoes":1,"minecraft:tripwire":2,"minecraft:green_bed":1,"minecraft:smoker":1,"minecraft:torch":4,"minecraft:poppy":2,"minecraft:chest":1,"minecraft:cobblestone":83,"minecraft:oak_planks":272,"minecraft:wall_torch":3,"minecraft:repeater":2,"minecraft:yellow_wool":4,"minecraft:wheat":9,"minecraft:stripped_oak_wood":3,"minecraft:oak_log":74,"minecraft:beetroots":1,"minecraft:sand":67,"minecraft:dirt":135,"minecraft:tripwire_hook":1,"minecraft:dispenser":1,"minecraft:netherrack":189,"minecraft:piston":2,"immersiveengineering:workbench":1,"farmersdelight:onions":3,"minecraft:mossy_cobblestone":8,"minecraft:oak_door":5,"farmersdelight:wild_carrots":15,"minecraft:dark_oak_log":1,"minecraft:glow_lichen":1,"minecraft:spruce_fence":9,"minecraft:decorated_pot":1,"minecraft:redstone_wire":4,"biomesoplenty:white_petals":1,"farmersdelight:tomatoes":2,"minecraft:spruce_leaves":1,"minecraft:furnace":4,"minecraft:carrots":6,"immersiveengineering:treated_wood_horizontal":2,"minecraft:andesite":27,"immersiveengineering:turntable":1,"treechop:chopped_log":22,"minecraft:gold_block":1,"minecraft:bookshelf":1,"minecraft:potatoes":4,"minecraft:lantern":1,"minecraft:stripped_oak_log":6,"minecraft:packed_ice":25,"minecraft:stone":422,"minecraft:white_wool":4,"immersiveengineering:treated_wood_vertical":1,"minecraft:smithing_table":2,"minecraft:oak_slab":8,"betterarcheology:archeology_table":1,"minecraft:glass_pane":9,"minecraft:cherry_planks":1,"minecraft:dandelion":21,"travelersbackpack:standard":2,"minecraft:oak_fence":29,"minecraft:crafting_table":2,"minecraft:cornflower":1,"minecraft:short_grass":437,"biomesoplenty:fir_planks":2,"minecraft:tall_grass":12,"minecraft:copper_ore":14,"minecraft:coarse_dirt":13,"minecraft:sweet_berry_bush":2,"minecraft:ice":2,"minecraft:spruce_log":3,"immersiveengineering:circuit_table":1,"minecraft:yellow_bed":1,"minecraft:coal_ore":4,"biomesoplenty:fir_leaves":1,"minecraft:gravel":7,"biomesoplenty:redwood_wood":5,"immersiveengineering:crate":4,"minecraft:fern":7},"minecraft:used":{"minecraft:spruce_slab":18,"minecraft:chest":21,"immersiveengineering:cokebrick":27,"minecraft:snowball":1,"minecraft:spruce_boat":1,"minecraft:lava_bucket":19,"minecraft:furnace":12,"minecraft:cooked_cod":4,"minecraft:oak_planks":9,"biomesoplenty:fir_planks":43,"minecraft:diamond_axe":1314,"biomesoplenty:jacaranda_planks":64,"immersiveengineering:hammer":1,"minecraft:string":1,"minecraft:bread":6,"minecraft:lectern":3,"minecraft:smithing_table":2,"minecraft:andesite":12,"minecraft:experience_bottle":1,"minecraft:spruce_planks":34,"minecraft:cooked_salmon":9,"minecraft:torch":162,"minecraft:dirt":1115,"minecraft:hopper":3,"minecraft:yellow_carpet":4,"biomesoplenty:snowblossom_sapling":10,"minecraft:granite":13,"minecraft:bookshelf":1,"minecraft:cherry_slab":4,"minecraft:spruce_button":44,"minecraft:barrel":7,"immersiveengineering:blastbrick":27,"minecraft:cooked_beef":14,"minecraft:cooked_mutton":1,"minecraft:water_bucket":7,"minecraft:cherry_planks":99,"minecraft:spruce_sign":9,"minecraft:fletching_table":1,"farmersdelight:onion":9,"minecraft:oak_slab":4,"minecraft:crafting_table":4,"minecraft:white_bed":8,"minecraft:cod":1,"minecraft:smoker":1,"minecraft:diamond_pickaxe":837,"minecraft:apple":8,"minecraft:diamond_shovel":1918,"minecraft:cobblestone":70,"travelersbackpack:standard":8,"minecraft:cooked_porkchop":6,"minecraft:porkchop":4,"minecraft:bucket":27}},"DataVersion":3955}