{"stats":{"minecraft:dropped":{"biomesoplenty:fir_log":48,"farmersdelight:iron_knife":1,"minecraft:dark_oak_stairs":1,"minecraft:wheat_seeds":2,"immersiveengineering:blueprint":1,"minecraft:cobblestone":41,"minecraft:copper_ingot":3,"minecraft:rail":7,"immersiveengineering:stick_iron":3,"minecraft:item_frame":1,"minecraft:stick":3,"minecraft:gray_wool":1,"minecraft:torch":2,"immersiveengineering:crate":4,"minecraft:cooked_salmon":6,"minecraft:snowball":16,"minecraft:gold_ingot":29,"immersiveengineering:treated_wood_vertical":1,"minecraft:iron_nugget":13,"minecraft:smoker":1,"biomesoplenty:white_petals":2,"minecraft:spruce_fence":10,"minecraft:filled_map":1,"minecraft:spider_eye":2,"minecraft:spruce_slab":1},"minecraft:picked_up":{"minecraft:coarse_dirt":13,"minecraft:crafting_table":2,"minecraft:wheat":9,"minecraft:azure_bluet":2,"minecraft:ladder":3,"minecraft:flower_pot":1,"minecraft:yellow_wool":4,"minecraft:smithing_table":2,"minecraft:oak_stairs":124,"minecraft:gold_block":1,"biomesoplenty:jacaranda_sapling":8,"minecraft:enchanted_book":3,"immersiveengineering:turntable":1,"minecraft:brick":4,"immersiveengineering:treated_wood_vertical":1,"immersiveengineering:stick_iron":3,"minecraft:string":6,"minecraft:raw_copper":41,"minecraft:cooked_salmon":15,"minecraft:sticky_piston":3,"minecraft:beetroot":1,"biomesoplenty:fir_planks":2,"minecraft:spruce_planks":1,"minecraft:beef":41,"immersiveengineering:crate":4,"immersiveengineering:workbench":1,"minecraft:iron_nugget":20,"minecraft:poppy":10,"minecraft:spruce_slab":7,"minecraft:minecart":1,"biomesoplenty:redwood_wood":1117,"minecraft:chest":1,"minecraft:piston":2,"minecraft:furnace":4,"minecraft:stick":219,"minecraft:raw_iron":22,"minecraft:oak_door":4,"minecraft:composter":5,"minecraft:copper_ingot":3,"minecraft:oak_fence":28,"minecraft:torch":30,"minecraft:green_bed":1,"minecraft:spruce_fence":10,"minecraft:porkchop":10,"farmersdelight:tomato_seeds":2,"minecraft:cherry_log":119,"minecraft:carrot":39,"minecraft:redstone":9,"minecraft:cauldron":1,"minecraft:arrow":11,"minecraft:rotten_flesh":9,"biomesoplenty:jacaranda_log":16,"minecraft:beetroot_seeds":3,"farmersdelight:onion":11,"minecraft:gold_ingot":29,"biomesoplenty:white_petals":2,"biomesoplenty:redwood_sapling":117,"minecraft:mutton":4,"minecraft:snowball":33,"minecraft:white_wool":7,"minecraft:cobblestone":500,"biomesoplenty:lavender":1,"minecraft:magma_block":22,"minecraft:repeater":2,"minecraft:cherry_planks":1,"minecraft:andesite":26,"minecraft:leather":16,"minecraft:flint":3,"minecraft:smoker":2,"minecraft:potato":15,"biomesoplenty:fir_sapling":154,"biomesoplenty:fir_log":719,"farmersdelight:tomato":3,"minecraft:oak_log":72,"immersiveengineering:treated_wood_horizontal":2,"minecraft:yellow_bed":1,"minecraft:gunpowder":4,"minecraft:cobblestone_stairs":1,"minecraft:dirt":927,"minecraft:lantern":1,"biomesoplenty:snowblossom_sapling":84,"minecraft:cooked_mutton":1,"minecraft:bone":9,"minecraft:bow":1,"minecraft:wheat_seeds":84,"betterarcheology:archeology_table":1,"minecraft:bell":1,"minecraft:spruce_wood":36,"minecraft:iron_ingot":20,"minecraft:stripped_oak_wood":3,"minecraft:fletching_table":2,"minecraft:oak_planks":169,"minecraft:dark_oak_stairs":1,"minecraft:book":3,"minecraft:oak_slab":8,"minecraft:sweet_berries":5,"minecraft:poisonous_potato":1,"minecraft:dandelion":12,"minecraft:oak_pressure_plate":1,"minecraft:gravel":4,"minecraft:sand":66,"immersiveengineering:circuit_table":1,"minecraft:white_bed":10,"minecraft:spruce_log":1,"minecraft:green_carpet":2,"minecraft:dark_oak_log":1,"minecraft:spider_eye":2,"minecraft:barrel":9,"minecraft:mossy_cobblestone":8,"travelersbackpack:standard":2,"minecraft:dispenser":1,"minecraft:yellow_carpet":4,"minecraft:slime_ball":20,"immersiveengineering:seed":52,"minecraft:granite":13,"minecraft:spruce_button":6,"minecraft:netherrack":188,"minecraft:coal":64},"minecraft:killed":{"livingthings:snail":12,"minecraft:witch":1,"minecraft:spider":3,"minecraft:skeleton":10,"minecraft:pig":4,"minecraft:iron_golem":4,"minecraft:creeper":4,"minecraft:sheep":3,"minecraft:pillager":1,"minecraft:zombie":9,"minecraft:cow":21},"minecraft:killed_by":{"minecraft:stray":1,"minecraft:iron_golem":1,"minecraft:zombie":2},"minecraft:crafted":{"minecraft:brick":32,"minecraft:cherry_planks":288,"minecraft:smooth_stone":309,"immersiveengineering:hammer":1,"minecraft:oak_planks":8,"minecraft:cherry_slab":12,"minecraft:spruce_button":48,"minecraft:furnace":4,"minecraft:stone":323,"minecraft:nether_brick":81,"minecraft:diamond_shovel":2,"minecraft:bookshelf":4,"travelersbackpack:gold_tier_upgrade":1,"minecraft:hopper":9,"immersiveengineering:wirecutter":1,"minecraft:spruce_slab":30,"minecraft:chest":32,"minecraft:spruce_boat":1,"minecraft:dark_oak_planks":4,"travelersbackpack:diamond_tier_upgrade":1,"minecraft:cooked_beef":17,"minecraft:cooked_cod":4,"minecraft:emerald":174,"biomesoplenty:jacaranda_planks":64,"minecraft:cooked_porkchop":6,"minecraft:spruce_sign":12,"minecraft:crafting_table":1,"minecraft:spruce_planks":148,"immersiveengineering:cokebrick":27,"minecraft:bucket":17,"minecraft:enchanted_book":2,"minecraft:air":0,"biomesoplenty:fir_planks":2920,"immersiveengineering:blastbrick":27,"minecraft:lectern":3,"minecraft:charcoal":218,"minecraft:book":7,"minecraft:paper":6,"minecraft:stick":5328,"immersiveengineering:stick_treated":4,"minecraft:sandstone":9,"minecraft:torch":128},"minecraft:broken":{"minecraft:diamond_shovel":1},"minecraft:custom":{"minecraft:interact_with_smithing_table":2,"minecraft:mob_kills":73,"minecraft:interact_with_crafting_table":40,"minecraft:open_barrel":8,"minecraft:leave_game":2,"minecraft:time_since_death":229708,"minecraft:climb_one_cm":2732,"minecraft:sprint_one_cm":562834,"minecraft:walk_one_cm":753411,"minecraft:drop":30,"minecraft:talked_to_villager":26,"minecraft:play_time":343653,"minecraft:sneak_time":7434,"minecraft:deaths":5,"minecraft:walk_under_water_one_cm":8346,"minecraft:boat_one_cm":1052,"minecraft:jump":4705,"minecraft:walk_on_water_one_cm":19905,"minecraft:total_world_time":343653,"minecraft:interact_with_furnace":131,"minecraft:traded_with_villager":178,"minecraft:sleep_in_bed":20,"minecraft:time_since_rest":8059,"minecraft:damage_taken":3272,"minecraft:damage_dealt":8759,"minecraft:swim_one_cm":52331,"minecraft:fly_one_cm":1295214,"minecraft:open_chest":316,"minecraft:crouch_one_cm":26023,"minecraft:interact_with_smoker":13,"minecraft:fall_one_cm":77836,"minecraft:inspect_dispenser":1},"minecraft:mined":{"farmersdelight:onions":3,"minecraft:spruce_planks":1,"minecraft:white_bed":10,"minecraft:mossy_cobblestone":8,"minecraft:oak_door":5,"minecraft:cobblestone_stairs":1,"minecraft:cherry_log":4,"farmersdelight:wild_carrots":15,"minecraft:dark_oak_log":1,"minecraft:glow_lichen":1,"minecraft:grass_block":703,"minecraft:spruce_fence":9,"minecraft:decorated_pot":1,"minecraft:yellow_carpet":4,"biomesoplenty:white_petals":1,"minecraft:redstone_wire":4,"farmersdelight:tomatoes":2,"minecraft:spruce_leaves":1,"minecraft:composter":5,"minecraft:magma_block":22,"minecraft:carrots":6,"minecraft:furnace":4,"immersiveengineering:treated_wood_horizontal":2,"minecraft:iron_ore":9,"minecraft:sticky_piston":3,"minecraft:barrel":9,"biomesoplenty:lavender":1,"minecraft:andesite":27,"immersiveengineering:turntable":1,"treechop:chopped_log":22,"minecraft:gold_block":1,"minecraft:fletching_table":2,"minecraft:azure_bluet":2,"minecraft:dark_oak_stairs":1,"minecraft:potatoes":4,"minecraft:bookshelf":1,"minecraft:potted_dandelion":1,"minecraft:dirt_path":79,"minecraft:water_cauldron":1,"minecraft:oak_stairs":122,"minecraft:lantern":1,"minecraft:packed_ice":25,"minecraft:spruce_wood":36,"minecraft:stone":422,"minecraft:white_wool":4,"minecraft:spruce_slab":7,"minecraft:green_bed":1,"minecraft:tripwire":2,"farmersdelight:wild_potatoes":1,"immersiveengineering:treated_wood_vertical":1,"minecraft:smithing_table":2,"minecraft:oak_slab":8,"betterarcheology:archeology_table":1,"minecraft:glass_pane":8,"minecraft:cherry_planks":1,"minecraft:smoker":1,"minecraft:dandelion":12,"travelersbackpack:standard":2,"minecraft:oak_fence":29,"minecraft:cornflower":1,"minecraft:crafting_table":2,"minecraft:torch":2,"minecraft:short_grass":396,"biomesoplenty:fir_planks":2,"minecraft:poppy":1,"minecraft:chest":1,"minecraft:copper_ore":14,"minecraft:tall_grass":11,"minecraft:cobblestone":74,"minecraft:oak_planks":172,"minecraft:wall_torch":3,"minecraft:repeater":2,"minecraft:coarse_dirt":13,"minecraft:wheat":9,"minecraft:yellow_wool":4,"minecraft:sweet_berry_bush":2,"minecraft:ice":2,"minecraft:spruce_log":3,"minecraft:stripped_oak_wood":3,"immersiveengineering:circuit_table":1,"minecraft:yellow_bed":1,"minecraft:oak_log":72,"minecraft:coal_ore":4,"minecraft:beetroots":1,"biomesoplenty:fir_leaves":1,"minecraft:gravel":7,"minecraft:sand":67,"minecraft:dirt":132,"minecraft:tripwire_hook":1,"minecraft:dispenser":1,"minecraft:netherrack":189,"minecraft:piston":2,"biomesoplenty:redwood_wood":5,"immersiveengineering:crate":4,"immersiveengineering:workbench":1,"minecraft:fern":7},"minecraft:used":{"minecraft:spruce_slab":18,"minecraft:chest":21,"minecraft:spruce_planks":34,"minecraft:cooked_salmon":9,"minecraft:torch":158,"minecraft:dirt":926,"minecraft:hopper":3,"minecraft:snowball":1,"minecraft:yellow_carpet":4,"biomesoplenty:snowblossom_sapling":10,"immersiveengineering:cokebrick":27,"minecraft:granite":13,"minecraft:spruce_boat":1,"minecraft:lava_bucket":19,"minecraft:bookshelf":1,"minecraft:cherry_slab":4,"minecraft:spruce_button":44,"minecraft:barrel":7,"minecraft:furnace":12,"minecraft:cooked_cod":4,"immersiveengineering:blastbrick":27,"minecraft:cooked_beef":12,"minecraft:cooked_mutton":1,"minecraft:water_bucket":7,"minecraft:oak_planks":9,"biomesoplenty:fir_planks":43,"minecraft:cherry_planks":99,"minecraft:spruce_sign":9,"minecraft:diamond_axe":1092,"minecraft:fletching_table":1,"farmersdelight:onion":9,"minecraft:oak_slab":4,"minecraft:crafting_table":4,"minecraft:white_bed":8,"minecraft:cod":1,"biomesoplenty:jacaranda_planks":64,"minecraft:smoker":1,"immersiveengineering:hammer":1,"minecraft:diamond_pickaxe":827,"minecraft:apple":8,"minecraft:diamond_shovel":1632,"minecraft:bread":6,"minecraft:string":1,"minecraft:lectern":3,"minecraft:cobblestone":70,"travelersbackpack:standard":8,"minecraft:porkchop":4,"minecraft:cooked_porkchop":6,"minecraft:smithing_table":2,"minecraft:andesite":12,"minecraft:bucket":27,"minecraft:experience_bottle":1}},"DataVersion":3955}