{"stats":{"minecraft:custom":{"minecraft:interact_with_smithing_table":2,"minecraft:mob_kills":52,"minecraft:interact_with_crafting_table":15,"minecraft:open_barrel":8,"minecraft:leave_game":2,"minecraft:time_since_death":56379,"minecraft:climb_one_cm":432,"minecraft:sprint_one_cm":349472,"minecraft:walk_one_cm":489974,"minecraft:drop":30,"minecraft:talked_to_villager":14,"minecraft:play_time":170324,"minecraft:sneak_time":5296,"minecraft:deaths":5,"minecraft:walk_under_water_one_cm":7742,"minecraft:boat_one_cm":1052,"minecraft:jump":3120,"minecraft:walk_on_water_one_cm":14356,"minecraft:total_world_time":170324,"minecraft:interact_with_furnace":9,"minecraft:traded_with_villager":28,"minecraft:sleep_in_bed":9,"minecraft:time_since_rest":11672,"minecraft:damage_taken":2931,"minecraft:damage_dealt":6629,"minecraft:swim_one_cm":41574,"minecraft:fly_one_cm":860491,"minecraft:open_chest":158,"minecraft:crouch_one_cm":20290,"minecraft:interact_with_smoker":5,"minecraft:fall_one_cm":51057,"minecraft:inspect_dispenser":1},"minecraft:picked_up":{"minecraft:crafting_table":2,"minecraft:coarse_dirt":13,"minecraft:flower_pot":1,"minecraft:yellow_wool":1,"minecraft:smithing_table":2,"minecraft:oak_stairs":3,"minecraft:enchanted_book":1,"immersiveengineering:turntable":1,"immersiveengineering:treated_wood_vertical":1,"immersiveengineering:stick_iron":3,"minecraft:string":6,"minecraft:raw_copper":15,"minecraft:cooked_salmon":15,"minecraft:sticky_piston":3,"biomesoplenty:fir_planks":2,"minecraft:spruce_planks":1,"minecraft:beef":16,"immersiveengineering:crate":4,"immersiveengineering:workbench":1,"minecraft:spruce_slab":6,"minecraft:iron_nugget":20,"minecraft:poppy":9,"minecraft:minecart":1,"minecraft:chest":1,"minecraft:piston":2,"minecraft:furnace":4,"minecraft:stick":22,"minecraft:raw_iron":16,"minecraft:composter":5,"minecraft:copper_ingot":3,"minecraft:oak_fence":7,"minecraft:torch":10,"minecraft:spruce_fence":10,"minecraft:porkchop":10,"minecraft:cherry_log":8,"minecraft:redstone":9,"minecraft:carrot":15,"minecraft:cauldron":1,"minecraft:arrow":5,"minecraft:rotten_flesh":9,"minecraft:gold_ingot":29,"biomesoplenty:white_petals":2,"minecraft:snowball":33,"minecraft:white_wool":1,"minecraft:cobblestone":312,"minecraft:repeater":2,"minecraft:andesite":26,"minecraft:leather":6,"minecraft:smoker":2,"minecraft:potato":1,"biomesoplenty:fir_sapling":53,"biomesoplenty:fir_log":284,"minecraft:oak_log":2,"minecraft:gunpowder":4,"minecraft:dirt":918,"minecraft:lantern":1,"biomesoplenty:snowblossom_sapling":10,"minecraft:cooked_mutton":1,"minecraft:bone":7,"minecraft:wheat_seeds":38,"minecraft:spruce_wood":36,"minecraft:iron_ingot":20,"minecraft:stripped_oak_wood":2,"minecraft:fletching_table":2,"minecraft:oak_planks":7,"minecraft:dark_oak_stairs":1,"minecraft:oak_slab":2,"minecraft:sweet_berries":5,"minecraft:dandelion":1,"immersiveengineering:circuit_table":1,"minecraft:white_bed":8,"minecraft:spruce_log":1,"minecraft:dark_oak_log":1,"minecraft:spider_eye":2,"minecraft:barrel":9,"travelersbackpack:standard":2,"minecraft:dispenser":1,"minecraft:yellow_carpet":3,"minecraft:slime_ball":18,"immersiveengineering:seed":30,"minecraft:granite":13,"minecraft:spruce_button":6,"minecraft:coal":64},"minecraft:killed":{"livingthings:snail":11,"minecraft:witch":1,"minecraft:spider":3,"minecraft:skeleton":6,"minecraft:pig":4,"minecraft:iron_golem":4,"minecraft:creeper":4,"minecraft:pillager":1,"minecraft:zombie":9,"minecraft:cow":8},"minecraft:dropped":{"biomesoplenty:fir_log":48,"farmersdelight:iron_knife":1,"minecraft:dark_oak_stairs":1,"minecraft:wheat_seeds":2,"immersiveengineering:blueprint":1,"minecraft:cobblestone":41,"minecraft:copper_ingot":3,"minecraft:rail":7,"immersiveengineering:stick_iron":3,"minecraft:item_frame":1,"minecraft:stick":3,"minecraft:gray_wool":1,"minecraft:torch":2,"immersiveengineering:crate":4,"minecraft:cooked_salmon":6,"minecraft:snowball":16,"minecraft:gold_ingot":29,"minecraft:iron_nugget":13,"immersiveengineering:treated_wood_vertical":1,"minecraft:smoker":1,"biomesoplenty:white_petals":2,"minecraft:spruce_fence":10,"minecraft:filled_map":1,"minecraft:spider_eye":2,"minecraft:spruce_slab":1},"minecraft:used":{"minecraft:spruce_slab":18,"minecraft:chest":21,"minecraft:spruce_planks":34,"minecraft:cooked_salmon":9,"minecraft:torch":125,"minecraft:dirt":231,"minecraft:hopper":3,"minecraft:yellow_carpet":3,"minecraft:snowball":1,"minecraft:granite":13,"minecraft:spruce_boat":1,"minecraft:lava_bucket":19,"minecraft:spruce_button":44,"minecraft:barrel":7,"minecraft:furnace":4,"minecraft:cooked_cod":4,"minecraft:cooked_beef":1,"minecraft:cooked_mutton":1,"minecraft:water_bucket":6,"minecraft:oak_planks":9,"minecraft:cherry_planks":32,"biomesoplenty:fir_planks":43,"minecraft:spruce_sign":9,"minecraft:fletching_table":1,"minecraft:diamond_axe":326,"farmersdelight:onion":9,"minecraft:crafting_table":3,"minecraft:white_bed":7,"minecraft:cod":1,"minecraft:smoker":1,"minecraft:diamond_pickaxe":410,"minecraft:apple":8,"minecraft:diamond_shovel":1556,"minecraft:bread":6,"minecraft:string":1,"minecraft:cobblestone":69,"travelersbackpack:standard":8,"minecraft:porkchop":4,"minecraft:cooked_porkchop":6,"minecraft:smithing_table":2,"minecraft:andesite":12,"minecraft:bucket":24,"minecraft:experience_bottle":1},"minecraft:killed_by":{"minecraft:stray":1,"minecraft:iron_golem":1,"minecraft:zombie":2},"minecraft:mined":{"minecraft:spruce_planks":1,"minecraft:white_bed":8,"minecraft:oak_door":1,"farmersdelight:wild_carrots":15,"minecraft:dark_oak_log":1,"minecraft:glow_lichen":1,"minecraft:grass_block":700,"minecraft:spruce_fence":9,"minecraft:yellow_carpet":3,"biomesoplenty:white_petals":1,"minecraft:redstone_wire":4,"minecraft:spruce_leaves":1,"minecraft:composter":5,"minecraft:furnace":4,"minecraft:iron_ore":9,"minecraft:sticky_piston":3,"minecraft:barrel":9,"minecraft:andesite":27,"immersiveengineering:turntable":1,"treechop:chopped_log":9,"minecraft:fletching_table":2,"minecraft:dark_oak_stairs":1,"minecraft:potted_dandelion":1,"minecraft:water_cauldron":1,"minecraft:dirt_path":79,"minecraft:oak_stairs":1,"minecraft:lantern":1,"minecraft:packed_ice":25,"minecraft:spruce_wood":36,"minecraft:stone":293,"minecraft:white_wool":1,"minecraft:spruce_slab":6,"farmersdelight:wild_potatoes":1,"minecraft:tripwire":2,"immersiveengineering:treated_wood_vertical":1,"minecraft:smithing_table":2,"minecraft:oak_slab":2,"minecraft:glass_pane":1,"minecraft:smoker":1,"travelersbackpack:standard":2,"minecraft:oak_fence":8,"minecraft:crafting_table":2,"minecraft:short_grass":194,"biomesoplenty:fir_planks":2,"minecraft:chest":1,"minecraft:copper_ore":6,"minecraft:cobblestone":15,"minecraft:oak_planks":10,"minecraft:repeater":2,"minecraft:coarse_dirt":13,"minecraft:yellow_wool":1,"minecraft:sweet_berry_bush":2,"minecraft:ice":2,"minecraft:spruce_log":3,"minecraft:stripped_oak_wood":2,"immersiveengineering:circuit_table":1,"minecraft:oak_log":2,"minecraft:coal_ore":4,"biomesoplenty:fir_leaves":1,"minecraft:dirt":124,"minecraft:tripwire_hook":1,"minecraft:dispenser":1,"minecraft:piston":2,"immersiveengineering:workbench":1,"immersiveengineering:crate":4,"minecraft:fern":3},"minecraft:crafted":{"minecraft:cherry_planks":32,"minecraft:oak_planks":8,"minecraft:spruce_button":48,"minecraft:diamond_shovel":1,"travelersbackpack:gold_tier_upgrade":1,"minecraft:hopper":9,"minecraft:spruce_slab":30,"minecraft:chest":32,"minecraft:spruce_boat":1,"minecraft:dark_oak_planks":4,"travelersbackpack:diamond_tier_upgrade":1,"minecraft:cooked_beef":1,"minecraft:cooked_cod":4,"minecraft:emerald":28,"minecraft:cooked_porkchop":6,"minecraft:spruce_sign":12,"minecraft:spruce_planks":148,"minecraft:air":0,"biomesoplenty:fir_planks":1024,"minecraft:stick":1536,"minecraft:torch":128}},"DataVersion":3955}