{"stats":{"minecraft:used":{"minecraft:chest":1,"minecraft:cooked_chicken":1,"minecraft:torch":21,"minecraft:dirt":4,"farmersdelight:fish_stew":1,"minecraft:tuff":12,"minecraft:wooden_axe":55,"minecraft:lantern":1,"minecraft:smooth_basalt":4,"farmersdelight:tomato_sauce":5,"minecraft:furnace":6,"minecraft:cooked_beef":11,"minecraft:cobbled_deepslate":106,"minecraft:calcite":8,"minecraft:diorite":9,"minecraft:stone_pickaxe":193,"minecraft:wooden_pickaxe":67,"biomesoplenty:fir_planks":118,"minecraft:diamond_axe":76,"minecraft:golden_apple":2,"minecraft:glow_berries":1,"minecraft:crafting_table":8,"minecraft:diamond_pickaxe":66,"minecraft:apple":5,"minecraft:bread":6,"minecraft:iron_pickaxe":703,"minecraft:gravel":5,"minecraft:cobblestone":207,"travelersbackpack:standard":4,"minecraft:smithing_table":1,"minecraft:bucket":1},"minecraft:picked_up":{"minecraft:crafting_table":5,"minecraft:coarse_dirt":1,"minecraft:allium":1,"minecraft:chicken":1,"minecraft:clay_ball":68,"minecraft:smithing_table":1,"farmersdelight:tomato_sauce":5,"minecraft:amethyst_block":113,"farmersdelight:cutting_board":1,"minecraft:string":3,"minecraft:raw_copper":57,"minecraft:item_frame":1,"immersiveengineering:raw_lead":1,"biomesoplenty:fir_planks":4,"minecraft:cobbled_deepslate":122,"minecraft:beef":12,"minecraft:calcite":8,"minecraft:sugar_cane":10,"minecraft:chest":1,"minecraft:furnace":7,"minecraft:egg":1,"minecraft:stick":39,"minecraft:raw_iron":87,"minecraft:torch":20,"minecraft:bowl":31,"biomesoplenty:tall_white_lavender":1,"farmersdelight:tomato_seeds":2,"minecraft:diorite":9,"farmersdelight:fish_stew":1,"minecraft:redstone":54,"farmersdelight:tomato_crate":8,"minecraft:arrow":3,"minecraft:rotten_flesh":17,"farmersdelight:onion":6,"farmersdelight:rope":7,"minecraft:obsidian":10,"minecraft:glow_berries":5,"minecraft:mutton":1,"minecraft:rail":7,"minecraft:cobblestone":262,"minecraft:feather":1,"farmersdelight:onion_crate":10,"minecraft:glow_ink_sac":14,"minecraft:andesite":1,"minecraft:salmon":4,"minecraft:leather":7,"minecraft:potato":1,"biomesoplenty:fir_sapling":44,"biomesoplenty:fir_log":171,"minecraft:tuff":13,"minecraft:gunpowder":3,"minecraft:lantern":3,"minecraft:lapis_lazuli":24,"minecraft:dirt":15,"minecraft:bone":5,"farmersdelight:iron_knife":1,"farmersdelight:cooking_pot":1,"minecraft:kelp":9,"minecraft:wheat_seeds":1,"minecraft:raw_gold":32,"minecraft:iron_ingot":5,"minecraft:moss_block":10,"minecraft:smooth_basalt":4,"immersiveengineering:raw_uranium":11,"minecraft:raw_iron_block":2,"minecraft:gravel":5,"immersiveengineering:raw_aluminum":9,"minecraft:amethyst_shard":13,"minecraft:spruce_sapling":6,"minecraft:spruce_log":15,"minecraft:crying_obsidian":1,"minecraft:slime_ball":13,"minecraft:diamond":40,"minecraft:granite":4,"minecraft:gray_wool":1,"minecraft:emerald":1,"immersiveengineering:raw_nickel":13,"minecraft:netherrack":37,"farmersdelight:stove":1,"minecraft:coal":179,"immersiveengineering:raw_silver":34},"minecraft:custom":{"minecraft:interact_with_smithing_table":1,"minecraft:mob_kills":45,"minecraft:interact_with_crafting_table":21,"minecraft:open_barrel":1,"minecraft:leave_game":4,"minecraft:time_since_death":7596,"minecraft:climb_one_cm":645,"minecraft:sprint_one_cm":264594,"minecraft:walk_one_cm":304410,"minecraft:drop":21,"minecraft:play_time":118720,"minecraft:deaths":3,"minecraft:sneak_time":12602,"minecraft:walk_under_water_one_cm":26337,"minecraft:jump":2162,"minecraft:walk_on_water_one_cm":25856,"minecraft:total_world_time":121121,"minecraft:interact_with_furnace":51,"minecraft:sleep_in_bed":1,"minecraft:time_since_rest":7624,"minecraft:damage_taken":2471,"minecraft:damage_absorbed":50,"littlejoys:gold_rushes":4,"minecraft:damage_dealt":5232,"minecraft:swim_one_cm":36261,"minecraft:fly_one_cm":380492,"minecraft:open_chest":21,"minecraft:crouch_one_cm":40361,"minecraft:fall_one_cm":43501},"minecraft:dropped":{"minecraft:crafting_table":1,"minecraft:feather":1,"minecraft:granite":4,"minecraft:activator_rail":2,"biomesoplenty:fir_sapling":21,"minecraft:dirt":6,"minecraft:amethyst_shard":1,"minecraft:spruce_sapling":6,"minecraft:bone":4,"biomesoplenty:tall_white_lavender":1,"minecraft:coarse_dirt":1,"minecraft:tuff":1,"minecraft:rotten_flesh":14,"minecraft:mangrove_log":1,"minecraft:allium":1,"minecraft:andesite":1,"farmersdelight:rope":7,"minecraft:wooden_pickaxe":1,"minecraft:netherrack":8},"minecraft:broken":{"minecraft:wooden_pickaxe":1,"minecraft:stone_pickaxe":2,"minecraft:iron_pickaxe":3,"minecraft:wooden_axe":1},"minecraft:mined":{"minecraft:crying_obsidian":1,"minecraft:tuff":19,"minecraft:deepslate_diamond_ore":32,"farmersdelight:tomato_crate":8,"minecraft:obsidian":10,"minecraft:cave_vines_plant":10,"minecraft:granite":4,"minecraft:budding_amethyst":1,"minecraft:grass_block":6,"minecraft:moss_block":10,"minecraft:kelp":7,"minecraft:spawner":2,"immersiveengineering:deepslate_ore_uranium":11,"farmersdelight:wild_onions":1,"minecraft:raw_iron_block":2,"minecraft:furnace":7,"minecraft:iron_ore":55,"minecraft:cobbled_deepslate":7,"minecraft:andesite":1,"immersiveengineering:deepslate_ore_silver":34,"treechop:chopped_log":5,"immersiveengineering:deepslate_ore_nickel":13,"minecraft:cave_vines":2,"minecraft:deepslate_iron_ore":9,"biomesoplenty:webbing":8,"minecraft:lantern":3,"betterarcheology:loot_vase":1,"minecraft:stone":250,"immersiveengineering:ore_aluminum":9,"minecraft:smithing_table":1,"farmersdelight:cooking_pot":1,"minecraft:deepslate_redstone_ore":12,"minecraft:kelp_plant":1,"minecraft:amethyst_cluster":3,"minecraft:powder_snow":5,"minecraft:clay":17,"minecraft:crafting_table":5,"minecraft:torch":15,"minecraft:short_grass":2,"minecraft:emerald_ore":1,"biomesoplenty:fir_planks":4,"minecraft:calcite":8,"minecraft:chest":1,"farmersdelight:onion_crate":10,"minecraft:copper_ore":18,"minecraft:cobblestone":3,"minecraft:lapis_ore":3,"minecraft:deepslate_gold_ore":25,"farmersdelight:wild_tomatoes":2,"minecraft:sugar_cane":3,"minecraft:diorite":9,"minecraft:wall_torch":4,"minecraft:amethyst_block":113,"minecraft:seagrass":6,"minecraft:coarse_dirt":1,"betterarcheology:fossiliferous_dirt":4,"farmersdelight:cutting_board":1,"minecraft:ice":1,"immersiveengineering:deepslate_ore_lead":1,"betterarcheology:rotten_planks":1,"minecraft:coal_ore":58,"minecraft:gravel":7,"minecraft:dirt":9,"farmersdelight:stove":1,"minecraft:smooth_basalt":4,"minecraft:netherrack":29,"minecraft:gold_ore":1,"minecraft:deepslate":120},"minecraft:killed_by":{"minecraft:drowned":1,"minecraft:zombie":1},"minecraft:crafted":{"minecraft:oak_planks":12,"minecraft:raw_iron":18,"minecraft:cooked_chicken":1,"minecraft:furnace":3,"travelersbackpack:blank_upgrade":4,"travelersbackpack:white_sleeping_bag":1,"minecraft:iron_boots":1,"minecraft:stone_pickaxe":2,"minecraft:chest":1,"minecraft:cooked_beef":11,"travelersbackpack:iron_tier_upgrade":1,"minecraft:diamond_axe":1,"minecraft:crafting_table":5,"minecraft:iron_helmet":1,"minecraft:wooden_pickaxe":1,"travelersbackpack:standard":1,"minecraft:smithing_table":1,"minecraft:air":0,"biomesoplenty:fir_planks":256,"minecraft:white_wool":3,"minecraft:iron_chestplate":1,"minecraft:diamond_pickaxe":1,"minecraft:stick":28,"minecraft:iron_ingot":79,"minecraft:iron_pickaxe":3,"minecraft:iron_leggings":1,"minecraft:gold_ingot":24},"minecraft:killed":{"livingthings:snail":4,"minecraft:cave_spider":2,"minecraft:spider":2,"minecraft:slime":9,"minecraft:skeleton":3,"minecraft:salmon":3,"minecraft:creeper":2,"minecraft:sheep":1,"minecraft:zombie":10,"minecraft:cow":7}},"DataVersion":3955}