{
  "repurposed_structures:root": {
    "criteria": {
      "always": "2025-06-12 02:51:26 +0000"
    },
    "done": true
  },
  "minecraft:recipes/decorations/crafting_table": {
    "criteria": {
      "unlock_right_away": "2025-06-12 02:51:26 +0000"
    },
    "done": true
  },
  "biomesoplenty:biomesoplenty/root": {
    "criteria": {
      "field": "2025-06-12 02:51:27 +0000"
    },
    "done": true
  },
  "biomesoplenty:biomesoplenty/all_biomes": {
    "criteria": {
      "tundra": "2025-06-12 03:19:31 +0000",
      "muskeg": "2025-06-12 03:18:47 +0000",
      "field": "2025-06-12 02:51:27 +0000",
      "cold_desert": "2025-06-12 03:19:38 +0000",
      "snowblossom_grove": "2025-06-12 03:10:49 +0000",
      "old_growth_dead_forest": "2025-06-12 03:10:09 +0000",
      "snowy_maple_woods": "2025-06-12 03:18:39 +0000",
      "coniferous_forest": "2025-06-12 03:26:37 +0000",
      "snowy_coniferous_forest": "2025-06-12 03:20:32 +0000",
      "snowy_fir_clearing": "2025-06-12 03:09:20 +0000"
    },
    "done": false
  },
  "minecraft:adventure/adventuring_time": {
    "criteria": {
      "minecraft:deep_cold_ocean": "2025-06-12 03:07:34 +0000",
      "minecraft:frozen_ocean": "2025-06-12 03:00:09 +0000",
      "minecraft:frozen_river": "2025-06-12 02:53:01 +0000",
      "minecraft:taiga": "2025-06-12 03:09:22 +0000",
      "minecraft:deep_frozen_ocean": "2025-06-12 03:07:24 +0000",
      "minecraft:snowy_plains": "2025-06-12 02:51:41 +0000",
      "minecraft:snowy_taiga": "2025-06-12 02:53:15 +0000",
      "minecraft:snowy_beach": "2025-06-12 03:02:15 +0000",
      "minecraft:plains": "2025-06-12 03:25:17 +0000"
    },
    "done": false
  },
  "travelersbackpack:recipes/misc/standard_smithing": {
    "criteria": {
      "has_standard": "2025-06-12 02:51:48 +0000"
    },
    "done": true
  },
  "farmersdelight:main/root": {
    "criteria": {
      "seeds": "2025-06-12 02:51:48 +0000"
    },
    "done": true
  },
  "moredelight:main/get_cooked_rice_with": {
    "criteria": {
      "cooked_rice_with_milk_cream_and_chicken_cuts": "2025-06-12 02:51:48 +0000",
      "cooked_rice_with_milk_cream_and_beef": "2025-06-12 02:51:48 +0000",
      "cooked_rice_with_milk_cream_and_porkchop": "2025-06-12 02:51:48 +0000"
    },
    "done": true
  },
  "moredelight:main/root": {
    "criteria": {
      "seeds": "2025-06-12 02:51:48 +0000"
    },
    "done": true
  },
  "minecraft:story/obtain_armor": {
    "criteria": {
      "iron_boots": "2025-06-12 02:52:05 +0000"
    },
    "done": true
  },
  "minecraft:recipes/misc/iron_nugget_from_smelting": {
    "criteria": {
      "has_iron_boots": "2025-06-12 02:52:05 +0000"
    },
    "done": true
  },
  "minecraft:recipes/misc/iron_nugget_from_blasting": {
    "criteria": {
      "has_iron_boots": "2025-06-12 02:52:05 +0000"
    },
    "done": true
  },
  "farmersdelight:recipes/cooking/apple_cider": {
    "criteria": {
      "has_apple": "2025-06-12 02:52:06 +0000"
    },
    "done": true
  },
  "minecraft:recipes/combat/leather_helmet": {
    "criteria": {
      "has_leather": "2025-06-12 02:52:07 +0000"
    },
    "done": true
  },
  "minecraft:recipes/decorations/ladder": {
    "criteria": {
      "has_stick": "2025-06-12 02:52:07 +0000"
    },
    "done": true
  },
  "minecraft:recipes/building_blocks/prismarine": {
    "criteria": {
      "has_prismarine_shard": "2025-06-12 02:52:07 +0000"
    },
    "done": true
  },
  "minecraft:recipes/combat/diamond_sword": {
    "criteria": {
      "has_diamond": "2025-06-12 02:52:07 +0000"
    },
    "done": true
  },
  "minecraft:recipes/decorations/jukebox": {
    "criteria": {
      "has_diamond": "2025-06-12 02:52:07 +0000"
    },
    "done": true
  },
  "minecraft:recipes/combat/diamond_chestplate": {
    "criteria": {
      "has_diamond": "2025-06-12 02:52:07 +0000"
    },
    "done": true
  },
  "immersiveengineering:recipes/misc/crafting/torch": {
    "criteria": {
      "has_stick": "2025-06-12 02:52:07 +0000"
    },
    "done": true
  },
  "minecraft:recipes/tools/wooden_axe": {
    "criteria": {
      "has_stick": "2025-06-12 02:52:07 +0000"
    },
    "done": true
  },
  "minecraft:recipes/combat/leather_chestplate": {
    "criteria": {
      "has_leather": "2025-06-12 02:52:07 +0000"
    },
    "done": true
  },
  "minecraft:recipes/decorations/chest": {
    "criteria": {
      "has_lots_of_items": "2025-06-12 02:52:07 +0000"
    },
    "done": true
  },
  "minecraft:recipes/tools/diamond_pickaxe": {
    "criteria": {
      "has_diamond": "2025-06-12 02:52:07 +0000"
    },
    "done": true
  },
  "minecraft:recipes/misc/leather_horse_armor": {
    "criteria": {
      "has_leather": "2025-06-12 02:52:07 +0000"
    },
    "done": true
  },
  "minecraft:recipes/tools/diamond_hoe": {
    "criteria": {
      "has_diamond": "2025-06-12 02:52:07 +0000"
    },
    "done": true
  },
  "minecraft:recipes/tools/diamond_shovel": {
    "criteria": {
      "has_diamond": "2025-06-12 02:52:07 +0000"
    },
    "done": true
  },
  "travelersbackpack:recipes/misc/horse": {
    "criteria": {
      "has_leather": "2025-06-12 02:52:07 +0000"
    },
    "done": true
  },
  "moredelight:combat/wooden_knife": {
    "criteria": {
      "has_wood": "2025-06-12 02:52:07 +0000"
    },
    "done": true
  },
  "travelersbackpack:recipes/misc/diamond_tier_upgrade": {
    "criteria": {
      "has_diamond": "2025-06-12 02:52:07 +0000"
    },
    "done": true
  },
  "minecraft:recipes/food/cooked_beef_from_smoking": {
    "criteria": {
      "has_beef": "2025-06-12 02:52:07 +0000"
    },
    "done": true
  },
  "moredelight:recipes/cooking/diced_potatoes_with_beef": {
    "criteria": {
      "has_any_ingredient": "2025-06-12 02:52:07 +0000"
    },
    "done": true
  },
  "minecraft:recipes/decorations/campfire": {
    "criteria": {
      "has_stick": "2025-06-12 02:52:07 +0000"
    },
    "done": true
  },
  "minecraft:recipes/tools/wooden_hoe": {
    "criteria": {
      "has_stick": "2025-06-12 02:52:07 +0000"
    },
    "done": true
  },
  "minecraft:recipes/decorations/item_frame": {
    "criteria": {
      "has_leather": "2025-06-12 02:52:07 +0000"
    },
    "done": true
  },
  "farmersdelight:recipes/cooking/pasta_with_meatballs": {
    "criteria": {
      "has_any_ingredient": "2025-06-12 02:52:07 +0000"
    },
    "done": true
  },
  "minecraft:recipes/combat/diamond_helmet": {
    "criteria": {
      "has_diamond": "2025-06-12 02:52:07 +0000"
    },
    "done": true
  },
  "minecraft:recipes/tools/wooden_shovel": {
    "criteria": {
      "has_stick": "2025-06-12 02:52:07 +0000"
    },
    "done": true
  },
  "travelersbackpack:recipes/misc/diamond": {
    "criteria": {
      "has_diamond": "2025-06-12 02:52:07 +0000"
    },
    "done": true
  },
  "minecraft:recipes/combat/wooden_sword": {
    "criteria": {
      "has_stick": "2025-06-12 02:52:07 +0000"
    },
    "done": true
  },
  "minecraft:recipes/combat/leather_boots": {
    "criteria": {
      "has_leather": "2025-06-12 02:52:07 +0000"
    },
    "done": true
  },
  "minecraft:recipes/building_blocks/diamond_block": {
    "criteria": {
      "has_diamond": "2025-06-12 02:52:07 +0000"
    },
    "done": true
  },
  "minecraft:story/mine_diamond": {
    "criteria": {
      "diamond": "2025-06-12 02:52:07 +0000"
    },
    "done": true
  },
  "minecraft:recipes/food/cooked_beef": {
    "criteria": {
      "has_beef": "2025-06-12 02:52:07 +0000"
    },
    "done": true
  },
  "minecraft:nether/obtain_crying_obsidian": {
    "criteria": {
      "crying_obsidian": "2025-06-12 02:52:07 +0000"
    },
    "done": true
  },
  "farmersdelight:recipes/combat/diamond_knife": {
    "criteria": {
      "has_diamond": "2025-06-12 02:52:07 +0000"
    },
    "done": true
  },
  "minecraft:recipes/combat/leather_leggings": {
    "criteria": {
      "has_leather": "2025-06-12 02:52:07 +0000"
    },
    "done": true
  },
  "minecraft:recipes/combat/diamond_leggings": {
    "criteria": {
      "has_diamond": "2025-06-12 02:52:07 +0000"
    },
    "done": true
  },
  "moredelight:recipes/cooking/cooked_rice_with_beef": {
    "criteria": {
      "has_any_ingredient": "2025-06-12 02:52:07 +0000"
    },
    "done": true
  },
  "farmersdelight:recipes/combat/flint_knife": {
    "criteria": {
      "has_stick": "2025-06-12 02:52:07 +0000"
    },
    "done": true
  },
  "immersiveengineering:recipes/misc/crafting/conveyor_basic": {
    "criteria": {
      "has_leather": "2025-06-12 02:52:07 +0000"
    },
    "done": true
  },
  "minecraft:recipes/building_blocks/prismarine_bricks": {
    "criteria": {
      "has_prismarine_shard": "2025-06-12 02:52:07 +0000"
    },
    "done": true
  },
  "minecraft:recipes/building_blocks/dark_prismarine": {
    "criteria": {
      "has_prismarine_shard": "2025-06-12 02:52:07 +0000"
    },
    "done": true
  },
  "minecraft:recipes/combat/diamond_boots": {
    "criteria": {
      "has_diamond": "2025-06-12 02:52:07 +0000"
    },
    "done": true
  },
  "farmersdelight:recipes/cooking/beef_stew": {
    "criteria": {
      "has_any_ingredient": "2025-06-12 02:52:07 +0000"
    },
    "done": true
  },
  "immersiveengineering:recipes/misc/crafting/powerpack": {
    "criteria": {
      "has_leather": "2025-06-12 02:52:07 +0000"
    },
    "done": true
  },
  "minecraft:recipes/decorations/respawn_anchor": {
    "criteria": {
      "has_obsidian": "2025-06-12 02:52:07 +0000"
    },
    "done": true
  },
  "travelersbackpack:recipes/misc/blank_upgrade": {
    "criteria": {
      "has_leather": "2025-06-12 02:52:07 +0000"
    },
    "done": true
  },
  "minecraft:recipes/tools/wooden_pickaxe": {
    "criteria": {
      "has_stick": "2025-06-12 02:52:07 +0000"
    },
    "done": true
  },
  "farmersdelight:recipes/decorations/cutting_board": {
    "criteria": {
      "has_stick": "2025-06-12 02:52:07 +0000"
    },
    "done": true
  },
  "betterarcheology:recipes/tools/diamond_brush": {
    "criteria": {
      "has_diamond": "2025-06-12 02:52:07 +0000"
    },
    "done": true
  },
  "minecraft:recipes/tools/diamond_axe": {
    "criteria": {
      "has_diamond": "2025-06-12 02:52:07 +0000"
    },
    "done": true
  },
  "minecraft:recipes/food/cooked_beef_from_campfire_cooking": {
    "criteria": {
      "has_beef": "2025-06-12 02:52:07 +0000"
    },
    "done": true
  },
  "minecraft:recipes/decorations/fletching_table": {
    "criteria": {
      "has_flint": "2025-06-12 02:52:08 +0000"
    },
    "done": true
  },
  "minecraft:recipes/building_blocks/raw_iron_block": {
    "criteria": {
      "has_raw_iron": "2025-06-12 02:52:08 +0000"
    },
    "done": true
  },
  "minecraft:recipes/misc/coast_armor_trim_smithing_template": {
    "criteria": {
      "has_coast_armor_trim_smithing_template": "2025-06-12 02:52:08 +0000"
    },
    "done": true
  },
  "minecraft:recipes/misc/iron_ingot_from_blasting_raw_iron": {
    "criteria": {
      "has_raw_iron": "2025-06-12 02:52:08 +0000"
    },
    "done": true
  },
  "minecraft:recipes/combat/arrow": {
    "criteria": {
      "has_flint": "2025-06-12 02:52:08 +0000"
    },
    "done": true
  },
  "minecraft:recipes/misc/coast_armor_trim_smithing_template_smithing_trim": {
    "criteria": {
      "has_smithing_trim_template": "2025-06-12 02:52:08 +0000"
    },
    "done": true
  },
  "minecraft:recipes/misc/iron_ingot_from_smelting_raw_iron": {
    "criteria": {
      "has_raw_iron": "2025-06-12 02:52:08 +0000"
    },
    "done": true
  },
  "minecraft:recipes/tools/flint_and_steel": {
    "criteria": {
      "has_flint": "2025-06-12 02:52:08 +0000"
    },
    "done": true
  },
  "minecraft:recipes/misc/stick": {
    "criteria": {
      "has_planks": "2025-06-12 02:52:09 +0000"
    },
    "done": true
  },
  "biomesoplenty:recipes/decorations/fir_fence": {
    "criteria": {
      "has_planks": "2025-06-12 02:52:09 +0000"
    },
    "done": true
  },
  "biomesoplenty:recipes/redstone/fir_button": {
    "criteria": {
      "has_planks": "2025-06-12 02:52:09 +0000"
    },
    "done": true
  },
  "biomesoplenty:recipes/redstone/fir_door": {
    "criteria": {
      "has_planks": "2025-06-12 02:52:09 +0000"
    },
    "done": true
  },
  "biomesoplenty:recipes/building_blocks/fir_stairs": {
    "criteria": {
      "has_planks": "2025-06-12 02:52:09 +0000"
    },
    "done": true
  },
  "minecraft:recipes/decorations/barrel": {
    "criteria": {
      "has_planks": "2025-06-12 02:52:09 +0000"
    },
    "done": true
  },
  "minecraft:recipes/misc/nether_brick": {
    "criteria": {
      "has_netherrack": "2025-06-12 02:52:09 +0000"
    },
    "done": true
  },
  "biomesoplenty:recipes/building_blocks/fir_slab": {
    "criteria": {
      "has_planks": "2025-06-12 02:52:09 +0000"
    },
    "done": true
  },
  "biomesoplenty:recipes/redstone/fir_fence_gate": {
    "criteria": {
      "has_planks": "2025-06-12 02:52:09 +0000"
    },
    "done": true
  },
  "biomesoplenty:recipes/decorations/fir_sign": {
    "criteria": {
      "has_planks": "2025-06-12 02:52:09 +0000"
    },
    "done": true
  },
  "biomesoplenty:recipes/redstone/fir_trapdoor": {
    "criteria": {
      "has_planks": "2025-06-12 02:52:09 +0000"
    },
    "done": true
  },
  "biomesoplenty:recipes/redstone/fir_pressure_plate": {
    "criteria": {
      "has_planks": "2025-06-12 02:52:09 +0000"
    },
    "done": true
  },
  "moredelight:recipes/food/chicken_salad": {
    "criteria": {
      "has_bowl": "2025-06-12 02:52:10 +0000"
    },
    "done": true
  },
  "farmersdelight:recipes/cooking/dog_food": {
    "criteria": {
      "has_any_ingredient": "2025-06-12 02:52:10 +0000"
    },
    "done": true
  },
  "farmersdelight:recipes/food/nether_salad": {
    "criteria": {
      "has_bowl": "2025-06-12 02:52:10 +0000"
    },
    "done": true
  },
  "farmersdelight:recipes/food/mixed_salad": {
    "criteria": {
      "has_bowl": "2025-06-12 02:52:10 +0000"
    },
    "done": true
  },
  "farmersdelight:recipes/building_blocks/organic_compost_from_rotten_flesh": {
    "criteria": {
      "has_rotten_flesh": "2025-06-12 02:52:10 +0000"
    },
    "done": true
  },
  "minecraft:recipes/food/mushroom_stew": {
    "criteria": {
      "has_bowl": "2025-06-12 02:52:10 +0000"
    },
    "done": true
  },
  "minecraft:story/root": {
    "criteria": {
      "crafting_table": "2025-06-12 02:52:11 +0000"
    },
    "done": true
  },
  "farmersdelight:main/get_fd_seed": {
    "criteria": {
      "tomato_seeds": "2025-06-12 02:52:12 +0000"
    },
    "done": true
  },
  "travelersbackpack:recipes/misc/standard_no_tanks": {
    "criteria": {
      "has_chest": "2025-06-12 02:52:33 +0000"
    },
    "done": true
  },
  "travelersbackpack:recipes/misc/standard": {
    "criteria": {
      "has_chest": "2025-06-12 02:52:33 +0000"
    },
    "done": true
  },
  "repurposed_structures:pyramids": {
    "criteria": {
      "in_pyramid_snowy": "2025-06-12 02:53:38 +0000"
    },
    "done": false
  },
  "minecraft:adventure/root": {
    "criteria": {
      "killed_by_something": "2025-06-12 02:54:11 +0000"
    },
    "done": true
  },
  "travelersbackpack:recipes/misc/skeleton": {
    "criteria": {
      "has_arrow": "2025-06-12 02:55:12 +0000"
    },
    "done": true
  },
  "minecraft:story/mine_stone": {
    "criteria": {
      "get_stone": "2025-06-12 02:55:14 +0000"
    },
    "done": true
  },
  "minecraft:recipes/decorations/furnace": {
    "criteria": {
      "has_cobblestone": "2025-06-12 02:55:14 +0000"
    },
    "done": true
  },
  "minecraft:recipes/decorations/snow": {
    "criteria": {
      "has_snowball": "2025-06-12 02:55:14 +0000"
    },
    "done": true
  },
  "minecraft:recipes/building_blocks/granite_slab_from_granite_stonecutting": {
    "criteria": {
      "has_granite": "2025-06-12 02:55:14 +0000"
    },
    "done": true
  },
  "minecraft:recipes/building_blocks/cobblestone_slab_from_cobblestone_stonecutting": {
    "criteria": {
      "has_cobblestone": "2025-06-12 02:55:14 +0000"
    },
    "done": true
  },
  "minecraft:recipes/decorations/granite_wall_from_granite_stonecutting": {
    "criteria": {
      "has_granite": "2025-06-12 02:55:14 +0000"
    },
    "done": true
  },
  "minecraft:recipes/building_blocks/stone": {
    "criteria": {
      "has_cobblestone": "2025-06-12 02:55:14 +0000"
    },
    "done": true
  },
  "minecraft:recipes/building_blocks/polished_granite_from_granite_stonecutting": {
    "criteria": {
      "has_granite": "2025-06-12 02:55:14 +0000"
    },
    "done": true
  },
  "minecraft:recipes/building_blocks/granite_slab": {
    "criteria": {
      "has_granite": "2025-06-12 02:55:14 +0000"
    },
    "done": true
  },
  "moredelight:combat/stone_knife": {
    "criteria": {
      "has_stone": "2025-06-12 02:55:14 +0000"
    },
    "done": true
  },
  "minecraft:recipes/building_blocks/granite_stairs": {
    "criteria": {
      "has_granite": "2025-06-12 02:55:14 +0000"
    },
    "done": true
  },
  "minecraft:recipes/building_blocks/granite_stairs_from_granite_stonecutting": {
    "criteria": {
      "has_granite": "2025-06-12 02:55:14 +0000"
    },
    "done": true
  },
  "minecraft:recipes/tools/stone_pickaxe": {
    "criteria": {
      "has_cobblestone": "2025-06-12 02:55:14 +0000"
    },
    "done": true
  },
  "minecraft:recipes/decorations/granite_wall": {
    "criteria": {
      "has_granite": "2025-06-12 02:55:14 +0000"
    },
    "done": true
  },
  "minecraft:recipes/building_blocks/polished_granite_slab_from_granite_stonecutting": {
    "criteria": {
      "has_granite": "2025-06-12 02:55:14 +0000"
    },
    "done": true
  },
  "minecraft:recipes/building_blocks/cobblestone_slab": {
    "criteria": {
      "has_cobblestone": "2025-06-12 02:55:14 +0000"
    },
    "done": true
  },
  "minecraft:recipes/decorations/cobblestone_wall_from_cobblestone_stonecutting": {
    "criteria": {
      "has_cobblestone": "2025-06-12 02:55:14 +0000"
    },
    "done": true
  },
  "minecraft:recipes/building_blocks/cobblestone_stairs": {
    "criteria": {
      "has_cobblestone": "2025-06-12 02:55:14 +0000"
    },
    "done": true
  },
  "minecraft:recipes/building_blocks/polished_granite_stairs_from_granite_stonecutting": {
    "criteria": {
      "has_granite": "2025-06-12 02:55:14 +0000"
    },
    "done": true
  },
  "minecraft:recipes/tools/stone_shovel": {
    "criteria": {
      "has_cobblestone": "2025-06-12 02:55:14 +0000"
    },
    "done": true
  },
  "minecraft:recipes/redstone/lever": {
    "criteria": {
      "has_cobblestone": "2025-06-12 02:55:14 +0000"
    },
    "done": true
  },
  "minecraft:recipes/combat/stone_sword": {
    "criteria": {
      "has_cobblestone": "2025-06-12 02:55:14 +0000"
    },
    "done": true
  },
  "minecraft:recipes/decorations/cobblestone_wall": {
    "criteria": {
      "has_cobblestone": "2025-06-12 02:55:14 +0000"
    },
    "done": true
  },
  "minecraft:recipes/tools/stone_axe": {
    "criteria": {
      "has_cobblestone": "2025-06-12 02:55:14 +0000"
    },
    "done": true
  },
  "travelersbackpack:recipes/misc/snow": {
    "criteria": {
      "has_snowball": "2025-06-12 02:55:14 +0000"
    },
    "done": true
  },
  "minecraft:recipes/building_blocks/polished_granite": {
    "criteria": {
      "has_granite": "2025-06-12 02:55:14 +0000"
    },
    "done": true
  },
  "minecraft:recipes/building_blocks/cobblestone_stairs_from_cobblestone_stonecutting": {
    "criteria": {
      "has_cobblestone": "2025-06-12 02:55:14 +0000"
    },
    "done": true
  },
  "minecraft:recipes/tools/stone_hoe": {
    "criteria": {
      "has_cobblestone": "2025-06-12 02:55:14 +0000"
    },
    "done": true
  },
  "minecraft:recipes/building_blocks/snow_block": {
    "criteria": {
      "has_snowball": "2025-06-12 02:55:14 +0000"
    },
    "done": true
  },
  "minecraft:husbandry/root": {
    "criteria": {
      "consumed_item": "2025-06-12 02:55:54 +0000"
    },
    "done": true
  },
  "minecraft:husbandry/balanced_diet": {
    "criteria": {
      "cooked_porkchop": "2025-06-12 04:28:44 +0000",
      "apple": "2025-06-12 02:55:54 +0000",
      "bread": "2025-06-14 18:04:02 +0000",
      "cooked_mutton": "2025-06-12 03:15:35 +0000",
      "cooked_cod": "2025-06-12 03:12:17 +0000",
      "cooked_beef": "2025-06-12 03:15:39 +0000",
      "cod": "2025-06-12 03:09:29 +0000",
      "porkchop": "2025-06-12 04:25:33 +0000",
      "cooked_salmon": "2025-06-12 03:15:56 +0000"
    },
    "done": false
  },
  "minecraft:recipes/misc/charcoal": {
    "criteria": {
      "has_log": "2025-06-12 02:56:16 +0000"
    },
    "done": true
  },
  "minecraft:recipes/building_blocks/spruce_planks": {
    "criteria": {
      "has_logs": "2025-06-12 02:56:16 +0000"
    },
    "done": true
  },
  "minecraft:recipes/building_blocks/dark_oak_planks": {
    "criteria": {
      "has_log": "2025-06-12 02:56:17 +0000"
    },
    "done": true
  },
  "minecraft:recipes/building_blocks/dark_oak_wood": {
    "criteria": {
      "has_log": "2025-06-12 02:56:17 +0000"
    },
    "done": true
  },
  "repurposed_structures:temples": {
    "criteria": {
      "in_temple_taiga": "2025-06-12 02:56:19 +0000"
    },
    "done": false
  },
  "immersiveengineering:recipes/misc/crafting/minecart_woodencrate": {
    "criteria": {
      "has_minecart": "2025-06-12 02:56:21 +0000"
    },
    "done": true
  },
  "minecraft:recipes/transportation/hopper_minecart": {
    "criteria": {
      "has_minecart": "2025-06-12 02:56:21 +0000"
    },
    "done": true
  },
  "minecraft:recipes/transportation/rail": {
    "criteria": {
      "has_minecart": "2025-06-12 02:56:21 +0000"
    },
    "done": true
  },
  "immersiveengineering:recipes/misc/crafting/minecart_woodenbarrel": {
    "criteria": {
      "has_minecart": "2025-06-12 02:56:21 +0000"
    },
    "done": true
  },
  "immersiveengineering:recipes/misc/crafting/minecart_metalbarrel": {
    "criteria": {
      "has_minecart": "2025-06-12 02:56:21 +0000"
    },
    "done": true
  },
  "minecraft:recipes/transportation/tnt_minecart": {
    "criteria": {
      "has_minecart": "2025-06-12 02:56:21 +0000"
    },
    "done": true
  },
  "minecraft:recipes/transportation/chest_minecart": {
    "criteria": {
      "has_minecart": "2025-06-12 02:56:21 +0000"
    },
    "done": true
  },
  "minecraft:recipes/transportation/furnace_minecart": {
    "criteria": {
      "has_minecart": "2025-06-12 02:56:21 +0000"
    },
    "done": true
  },
  "immersiveengineering:recipes/misc/crafting/minecart_reinforcedcrate": {
    "criteria": {
      "has_minecart": "2025-06-12 02:56:21 +0000"
    },
    "done": true
  },
  "travelersbackpack:recipes/misc/backpack_tank": {
    "criteria": {
      "has_iron": "2025-06-12 02:56:33 +0000"
    },
    "done": true
  },
  "minecraft:recipes/combat/iron_helmet": {
    "criteria": {
      "has_iron_ingot": "2025-06-12 02:56:33 +0000"
    },
    "done": true
  },
  "immersiveengineering:recipes/misc/crafting/connector_hv": {
    "criteria": {
      "has_aluminum_ingot": "2025-06-12 02:56:33 +0000"
    },
    "done": true
  },
  "minecraft:recipes/tools/shears": {
    "criteria": {
      "has_iron_ingot": "2025-06-12 02:56:33 +0000"
    },
    "done": true
  },
  "minecraft:recipes/building_blocks/iron_block": {
    "criteria": {
      "has_iron_ingot": "2025-06-12 02:56:33 +0000"
    },
    "done": true
  },
  "farmersdelight:recipes/decorations/cooking_pot": {
    "criteria": {
      "has_iron_ingot": "2025-06-12 02:56:33 +0000"
    },
    "done": true
  },
  "minecraft:recipes/redstone/hopper": {
    "criteria": {
      "has_iron_ingot": "2025-06-12 02:56:33 +0000"
    },
    "done": true
  },
  "travelersbackpack:recipes/misc/iron": {
    "criteria": {
      "has_iron_ingot": "2025-06-12 02:56:33 +0000"
    },
    "done": true
  },
  "minecraft:recipes/combat/iron_boots": {
    "criteria": {
      "has_iron_ingot": "2025-06-12 02:56:33 +0000"
    },
    "done": true
  },
  "minecraft:recipes/decorations/lantern": {
    "criteria": {
      "has_iron_ingot": "2025-06-12 02:56:33 +0000"
    },
    "done": true
  },
  "minecraft:recipes/tools/iron_shovel": {
    "criteria": {
      "has_iron_ingot": "2025-06-12 02:56:33 +0000"
    },
    "done": true
  },
  "immersiveengineering:recipes/misc/crafting/coil_mv": {
    "criteria": {
      "has_iron_ingot": "2025-06-12 02:56:33 +0000"
    },
    "done": true
  },
  "immersiveengineering:recipes/misc/crafting/coil_lv": {
    "criteria": {
      "has_iron_ingot": "2025-06-12 02:56:33 +0000"
    },
    "done": true
  },
  "immersiveengineering:recipes/misc/crafting/screwdriver": {
    "criteria": {
      "has_iron_ingot": "2025-06-12 02:56:33 +0000"
    },
    "done": true
  },
  "minecraft:recipes/redstone/iron_trapdoor": {
    "criteria": {
      "has_iron_ingot": "2025-06-12 02:56:33 +0000"
    },
    "done": true
  },
  "immersiveengineering:recipes/misc/crafting/component_iron": {
    "criteria": {
      "has_iron_ingot": "2025-06-12 02:56:33 +0000"
    },
    "done": true
  },
  "minecraft:recipes/combat/crossbow": {
    "criteria": {
      "has_iron_ingot": "2025-06-12 02:56:33 +0000"
    },
    "done": true
  },
  "immersiveengineering:recipes/misc/crafting/connector_hv_relay": {
    "criteria": {
      "has_aluminum_ingot": "2025-06-12 02:56:33 +0000"
    },
    "done": true
  },
  "farmersdelight:recipes/combat/iron_knife": {
    "criteria": {
      "has_iron_ingot": "2025-06-12 02:56:33 +0000"
    },
    "done": true
  },
  "minecraft:recipes/redstone/heavy_weighted_pressure_plate": {
    "criteria": {
      "has_iron_ingot": "2025-06-12 02:56:33 +0000"
    },
    "done": true
  },
  "minecraft:recipes/combat/iron_leggings": {
    "criteria": {
      "has_iron_ingot": "2025-06-12 02:56:33 +0000"
    },
    "done": true
  },
  "immersiveengineering:recipes/misc/crafting/plate_iron_hammering": {
    "criteria": {
      "has_iron_ingot": "2025-06-12 02:56:33 +0000"
    },
    "done": true
  },
  "minecraft:recipes/combat/iron_chestplate": {
    "criteria": {
      "has_iron_ingot": "2025-06-12 02:56:33 +0000"
    },
    "done": true
  },
  "minecraft:recipes/misc/iron_nugget": {
    "criteria": {
      "has_iron_ingot": "2025-06-12 02:56:33 +0000"
    },
    "done": true
  },
  "minecraft:recipes/misc/bucket": {
    "criteria": {
      "has_iron_ingot": "2025-06-12 02:56:33 +0000"
    },
    "done": true
  },
  "minecraft:recipes/transportation/minecart": {
    "criteria": {
      "has_iron_ingot": "2025-06-12 02:56:33 +0000"
    },
    "done": true
  },
  "minecraft:recipes/tools/iron_hoe": {
    "criteria": {
      "has_iron_ingot": "2025-06-12 02:56:33 +0000"
    },
    "done": true
  },
  "immersiveengineering:recipes/misc/crafting/drillhead_iron": {
    "criteria": {
      "has_iron_ingot": "2025-06-12 02:56:33 +0000"
    },
    "done": true
  },
  "minecraft:story/smelt_iron": {
    "criteria": {
      "iron": "2025-06-12 02:56:33 +0000"
    },
    "done": true
  },
  "minecraft:recipes/building_blocks/emerald_block": {
    "criteria": {
      "has_emerald": "2025-06-12 02:56:33 +0000"
    },
    "done": true
  },
  "immersiveengineering:recipes/misc/crafting/stick_iron": {
    "criteria": {
      "has_iron_ingot": "2025-06-12 02:56:33 +0000"
    },
    "done": true
  },
  "minecraft:recipes/decorations/chain": {
    "criteria": {
      "has_iron_ingot": "2025-06-12 02:56:33 +0000"
    },
    "done": true
  },
  "travelersbackpack:recipes/misc/emerald": {
    "criteria": {
      "has_emerald": "2025-06-12 02:56:33 +0000"
    },
    "done": true
  },
  "minecraft:recipes/decorations/smithing_table": {
    "criteria": {
      "has_iron_ingot": "2025-06-12 02:56:33 +0000"
    },
    "done": true
  },
  "immersiveengineering:recipes/misc/crafting/toolbox": {
    "criteria": {
      "has_iron_ingot": "2025-06-12 02:56:33 +0000"
    },
    "done": true
  },
  "minecraft:recipes/combat/iron_sword": {
    "criteria": {
      "has_iron_ingot": "2025-06-12 02:56:33 +0000"
    },
    "done": true
  },
  "minecraft:recipes/tools/iron_pickaxe": {
    "criteria": {
      "has_iron_ingot": "2025-06-12 02:56:33 +0000"
    },
    "done": true
  },
  "minecraft:recipes/combat/shield": {
    "criteria": {
      "has_iron_ingot": "2025-06-12 02:56:33 +0000"
    },
    "done": true
  },
  "minecraft:recipes/decorations/iron_bars": {
    "criteria": {
      "has_iron_ingot": "2025-06-12 02:56:33 +0000"
    },
    "done": true
  },
  "travelersbackpack:recipes/misc/iron_tier_upgrade": {
    "criteria": {
      "has_iron_ingot": "2025-06-12 02:56:33 +0000"
    },
    "done": true
  },
  "travelersbackpack:recipes/misc/hose_nozzle": {
    "criteria": {
      "has_iron": "2025-06-12 02:56:33 +0000"
    },
    "done": true
  },
  "immersiveengineering:recipes/misc/crafting/hammer": {
    "criteria": {
      "has_iron_ingot": "2025-06-12 02:56:33 +0000"
    },
    "done": true
  },
  "betterarcheology:recipes/tools/iron_brush": {
    "criteria": {
      "has_iron_ingot": "2025-06-12 02:56:33 +0000"
    },
    "done": true
  },
  "minecraft:recipes/tools/iron_axe": {
    "criteria": {
      "has_iron_ingot": "2025-06-12 02:56:33 +0000"
    },
    "done": true
  },
  "immersiveengineering:recipes/misc/crafting/wirecutter": {
    "criteria": {
      "has_iron_ingot": "2025-06-12 02:56:33 +0000"
    },
    "done": true
  },
  "minecraft:recipes/redstone/iron_door": {
    "criteria": {
      "has_iron_ingot": "2025-06-12 02:56:33 +0000"
    },
    "done": true
  },
  "minecraft:recipes/misc/bone_meal": {
    "criteria": {
      "has_bone": "2025-06-12 02:56:34 +0000"
    },
    "done": true
  },
  "farmersdelight:recipes/cooking/bone_broth": {
    "criteria": {
      "has_bone": "2025-06-12 02:56:34 +0000"
    },
    "done": true
  },
  "travelersbackpack:recipes/misc/wolf": {
    "criteria": {
      "has_bone": "2025-06-12 02:56:34 +0000"
    },
    "done": true
  },
  "minecraft:recipes/redstone/redstone_torch": {
    "criteria": {
      "has_redstone": "2025-06-12 02:56:36 +0000"
    },
    "done": true
  },
  "immersiveengineering:recipes/misc/crafting/redstone_acid": {
    "criteria": {
      "has_redstone_dust": "2025-06-12 02:56:36 +0000"
    },
    "done": true
  },
  "minecraft:recipes/redstone/target": {
    "criteria": {
      "has_redstone": "2025-06-12 02:56:36 +0000"
    },
    "done": true
  },
  "minecraft:recipes/tools/compass": {
    "criteria": {
      "has_redstone": "2025-06-12 02:56:36 +0000"
    },
    "done": true
  },
  "immersiveengineering:recipes/misc/crafting/rs_engineering": {
    "criteria": {
      "has_redstone": "2025-06-12 02:56:36 +0000"
    },
    "done": true
  },
  "minecraft:recipes/redstone/redstone_block": {
    "criteria": {
      "has_redstone": "2025-06-12 02:56:36 +0000"
    },
    "done": true
  },
  "minecraft:recipes/tools/clock": {
    "criteria": {
      "has_redstone": "2025-06-12 02:56:36 +0000"
    },
    "done": true
  },
  "minecraft:recipes/redstone/note_block": {
    "criteria": {
      "has_redstone": "2025-06-12 02:56:36 +0000"
    },
    "done": true
  },
  "travelersbackpack:recipes/misc/redstone": {
    "criteria": {
      "has_redstone": "2025-06-12 02:56:36 +0000"
    },
    "done": true
  },
  "minecraft:recipes/redstone/dropper": {
    "criteria": {
      "has_redstone": "2025-06-12 02:56:36 +0000"
    },
    "done": true
  },
  "minecraft:recipes/redstone/piston": {
    "criteria": {
      "has_redstone": "2025-06-12 02:56:36 +0000"
    },
    "done": true
  },
  "minecraft:recipes/building_blocks/spruce_wood": {
    "criteria": {
      "has_log": "2025-06-12 02:56:43 +0000"
    },
    "done": true
  },
  "minecraft:recipes/misc/gold_nugget_from_blasting": {
    "criteria": {
      "has_golden_horse_armor": "2025-06-12 02:56:56 +0000"
    },
    "done": true
  },
  "minecraft:recipes/misc/gold_nugget_from_smelting": {
    "criteria": {
      "has_golden_horse_armor": "2025-06-12 02:56:56 +0000"
    },
    "done": true
  },
  "minecraft:adventure/kill_all_mobs": {
    "criteria": {
      "minecraft:pillager": "2025-06-12 03:15:13 +0000",
      "minecraft:skeleton": "2025-06-12 02:58:01 +0000",
      "minecraft:witch": "2025-06-12 03:10:16 +0000",
      "minecraft:spider": "2025-06-12 04:24:29 +0000",
      "minecraft:zombie": "2025-06-12 03:03:20 +0000",
      "minecraft:creeper": "2025-06-12 03:55:57 +0000"
    },
    "done": false
  },
  "minecraft:adventure/kill_a_mob": {
    "criteria": {
      "minecraft:skeleton": "2025-06-12 02:58:01 +0000"
    },
    "done": true
  },
  "minecraft:recipes/building_blocks/dark_oak_stairs": {
    "criteria": {
      "has_planks": "2025-06-12 02:58:27 +0000"
    },
    "done": true
  },
  "minecraft:recipes/redstone/dark_oak_door": {
    "criteria": {
      "has_planks": "2025-06-12 02:58:27 +0000"
    },
    "done": true
  },
  "minecraft:recipes/decorations/dark_oak_sign": {
    "criteria": {
      "has_planks": "2025-06-12 02:58:27 +0000"
    },
    "done": true
  },
  "minecraft:recipes/redstone/dark_oak_fence_gate": {
    "criteria": {
      "has_planks": "2025-06-12 02:58:27 +0000"
    },
    "done": true
  },
  "minecraft:recipes/redstone/dark_oak_trapdoor": {
    "criteria": {
      "has_planks": "2025-06-12 02:58:27 +0000"
    },
    "done": true
  },
  "minecraft:recipes/redstone/dark_oak_button": {
    "criteria": {
      "has_planks": "2025-06-12 02:58:27 +0000"
    },
    "done": true
  },
  "minecraft:recipes/redstone/dark_oak_pressure_plate": {
    "criteria": {
      "has_planks": "2025-06-12 02:58:27 +0000"
    },
    "done": true
  },
  "minecraft:recipes/decorations/dark_oak_fence": {
    "criteria": {
      "has_planks": "2025-06-12 02:58:27 +0000"
    },
    "done": true
  },
  "minecraft:recipes/building_blocks/dark_oak_slab": {
    "criteria": {
      "has_planks": "2025-06-12 02:58:27 +0000"
    },
    "done": true
  },
  "minecraft:recipes/decorations/spruce_fence": {
    "criteria": {
      "has_planks": "2025-06-12 02:58:30 +0000"
    },
    "done": true
  },
  "minecraft:recipes/redstone/spruce_button": {
    "criteria": {
      "has_planks": "2025-06-12 02:58:30 +0000"
    },
    "done": true
  },
  "minecraft:recipes/redstone/spruce_pressure_plate": {
    "criteria": {
      "has_planks": "2025-06-12 02:58:30 +0000"
    },
    "done": true
  },
  "minecraft:recipes/decorations/spruce_sign": {
    "criteria": {
      "has_planks": "2025-06-12 02:58:30 +0000"
    },
    "done": true
  },
  "minecraft:recipes/building_blocks/spruce_slab": {
    "criteria": {
      "has_planks": "2025-06-12 02:58:30 +0000"
    },
    "done": true
  },
  "minecraft:recipes/redstone/spruce_trapdoor": {
    "criteria": {
      "has_planks": "2025-06-12 02:58:30 +0000"
    },
    "done": true
  },
  "minecraft:recipes/redstone/spruce_door": {
    "criteria": {
      "has_planks": "2025-06-12 02:58:30 +0000"
    },
    "done": true
  },
  "minecraft:recipes/redstone/spruce_fence_gate": {
    "criteria": {
      "has_planks": "2025-06-12 02:58:30 +0000"
    },
    "done": true
  },
  "minecraft:recipes/building_blocks/spruce_stairs": {
    "criteria": {
      "has_planks": "2025-06-12 02:58:30 +0000"
    },
    "done": true
  },
  "biomesoplenty:recipes/transportation/willow_boat": {
    "criteria": {
      "in_water": "2025-06-12 03:00:09 +0000"
    },
    "done": true
  },
  "minecraft:recipes/transportation/cherry_boat": {
    "criteria": {
      "in_water": "2025-06-12 03:00:09 +0000"
    },
    "done": true
  },
  "biomesoplenty:recipes/transportation/umbran_boat": {
    "criteria": {
      "in_water": "2025-06-12 03:00:09 +0000"
    },
    "done": true
  },
  "minecraft:recipes/transportation/bamboo_raft": {
    "criteria": {
      "in_water": "2025-06-12 03:00:09 +0000"
    },
    "done": true
  },
  "biomesoplenty:recipes/transportation/dead_boat": {
    "criteria": {
      "in_water": "2025-06-12 03:00:09 +0000"
    },
    "done": true
  },
  "biomesoplenty:recipes/transportation/magic_boat": {
    "criteria": {
      "in_water": "2025-06-12 03:00:09 +0000"
    },
    "done": true
  },
  "biomesoplenty:recipes/transportation/pine_boat": {
    "criteria": {
      "in_water": "2025-06-12 03:00:09 +0000"
    },
    "done": true
  },
  "minecraft:recipes/transportation/acacia_boat": {
    "criteria": {
      "in_water": "2025-06-12 03:00:09 +0000"
    },
    "done": true
  },
  "minecraft:recipes/transportation/jungle_boat": {
    "criteria": {
      "in_water": "2025-06-12 03:00:09 +0000"
    },
    "done": true
  },
  "biomesoplenty:recipes/transportation/fir_boat": {
    "criteria": {
      "in_water": "2025-06-12 03:00:09 +0000"
    },
    "done": true
  },
  "biomesoplenty:recipes/transportation/maple_boat": {
    "criteria": {
      "in_water": "2025-06-12 03:00:09 +0000"
    },
    "done": true
  },
  "minecraft:recipes/transportation/spruce_boat": {
    "criteria": {
      "in_water": "2025-06-12 03:00:09 +0000"
    },
    "done": true
  },
  "minecraft:recipes/transportation/birch_boat": {
    "criteria": {
      "in_water": "2025-06-12 03:00:09 +0000"
    },
    "done": true
  },
  "minecraft:recipes/transportation/oak_boat": {
    "criteria": {
      "in_water": "2025-06-12 03:00:09 +0000"
    },
    "done": true
  },
  "biomesoplenty:recipes/transportation/redwood_boat": {
    "criteria": {
      "in_water": "2025-06-12 03:00:09 +0000"
    },
    "done": true
  },
  "minecraft:recipes/transportation/mangrove_boat": {
    "criteria": {
      "in_water": "2025-06-12 03:00:09 +0000"
    },
    "done": true
  },
  "biomesoplenty:recipes/transportation/hellbark_boat": {
    "criteria": {
      "in_water": "2025-06-12 03:00:09 +0000"
    },
    "done": true
  },
  "biomesoplenty:recipes/transportation/jacaranda_boat": {
    "criteria": {
      "in_water": "2025-06-12 03:00:09 +0000"
    },
    "done": true
  },
  "biomesoplenty:recipes/transportation/mahogany_boat": {
    "criteria": {
      "in_water": "2025-06-12 03:00:09 +0000"
    },
    "done": true
  },
  "biomesoplenty:recipes/transportation/palm_boat": {
    "criteria": {
      "in_water": "2025-06-12 03:00:09 +0000"
    },
    "done": true
  },
  "biomesoplenty:recipes/transportation/empyreal_boat": {
    "criteria": {
      "in_water": "2025-06-12 03:00:09 +0000"
    },
    "done": true
  },
  "minecraft:recipes/transportation/dark_oak_boat": {
    "criteria": {
      "in_water": "2025-06-12 03:00:09 +0000"
    },
    "done": true
  },
  "minecraft:recipes/food/cooked_cod_from_smoking": {
    "criteria": {
      "has_cod": "2025-06-12 03:00:50 +0000"
    },
    "done": true
  },
  "farmersdelight:recipes/cooking/baked_cod_stew": {
    "criteria": {
      "has_any_ingredient": "2025-06-12 03:00:50 +0000"
    },
    "done": true
  },
  "farmersdelight:recipes/cooking/fish_stew": {
    "criteria": {
      "has_any_ingredient": "2025-06-12 03:00:50 +0000"
    },
    "done": true
  },
  "travelersbackpack:recipes/misc/ocelot": {
    "criteria": {
      "has_cod": "2025-06-12 03:00:50 +0000"
    },
    "done": true
  },
  "minecraft:recipes/food/cooked_cod_from_campfire_cooking": {
    "criteria": {
      "has_cod": "2025-06-12 03:00:50 +0000"
    },
    "done": true
  },
  "minecraft:recipes/building_blocks/sea_lantern": {
    "criteria": {
      "has_prismarine_crystals": "2025-06-12 03:00:50 +0000"
    },
    "done": true
  },
  "minecraft:recipes/food/cooked_cod": {
    "criteria": {
      "has_cod": "2025-06-12 03:00:50 +0000"
    },
    "done": true
  },
  "farmersdelight:recipes/food/grilled_salmon": {
    "criteria": {
      "has_salmon": "2025-06-12 03:00:51 +0000"
    },
    "done": true
  },
  "minecraft:recipes/food/cooked_salmon_from_campfire_cooking": {
    "criteria": {
      "has_salmon": "2025-06-12 03:00:51 +0000"
    },
    "done": true
  },
  "minecraft:recipes/misc/iron_ingot_from_nuggets": {
    "criteria": {
      "has_iron_nugget": "2025-06-12 03:00:51 +0000"
    },
    "done": true
  },
  "minecraft:recipes/food/cooked_salmon": {
    "criteria": {
      "has_salmon": "2025-06-12 03:00:51 +0000"
    },
    "done": true
  },
  "minecraft:recipes/food/cooked_salmon_from_smoking": {
    "criteria": {
      "has_salmon": "2025-06-12 03:00:51 +0000"
    },
    "done": true
  },
  "minecraft:recipes/tools/golden_axe": {
    "criteria": {
      "has_gold_ingot": "2025-06-12 03:03:09 +0000"
    },
    "done": true
  },
  "minecraft:recipes/tools/golden_pickaxe": {
    "criteria": {
      "has_gold_ingot": "2025-06-12 03:03:09 +0000"
    },
    "done": true
  },
  "minecraft:recipes/misc/gold_nugget": {
    "criteria": {
      "has_gold_ingot": "2025-06-12 03:03:09 +0000"
    },
    "done": true
  },
  "minecraft:recipes/tools/golden_shovel": {
    "criteria": {
      "has_gold_ingot": "2025-06-12 03:03:09 +0000"
    },
    "done": true
  },
  "minecraft:recipes/food/golden_apple": {
    "criteria": {
      "has_gold_ingot": "2025-06-12 03:03:09 +0000"
    },
    "done": true
  },
  "minecraft:recipes/combat/golden_boots": {
    "criteria": {
      "has_gold_ingot": "2025-06-12 03:03:09 +0000"
    },
    "done": true
  },
  "minecraft:recipes/combat/golden_chestplate": {
    "criteria": {
      "has_gold_ingot": "2025-06-12 03:03:09 +0000"
    },
    "done": true
  },
  "travelersbackpack:recipes/misc/gold": {
    "criteria": {
      "has_gold_ingot": "2025-06-12 03:03:09 +0000"
    },
    "done": true
  },
  "farmersdelight:recipes/combat/golden_knife": {
    "criteria": {
      "has_gold_ingot": "2025-06-12 03:03:09 +0000"
    },
    "done": true
  },
  "minecraft:recipes/redstone/light_weighted_pressure_plate": {
    "criteria": {
      "has_gold_ingot": "2025-06-12 03:03:09 +0000"
    },
    "done": true
  },
  "minecraft:recipes/combat/golden_sword": {
    "criteria": {
      "has_gold_ingot": "2025-06-12 03:03:09 +0000"
    },
    "done": true
  },
  "minecraft:recipes/building_blocks/gold_block": {
    "criteria": {
      "has_gold_ingot": "2025-06-12 03:03:09 +0000"
    },
    "done": true
  },
  "immersiveengineering:recipes/misc/crafting/plate_gold_hammering": {
    "criteria": {
      "has_gold_ingot": "2025-06-12 03:03:09 +0000"
    },
    "done": true
  },
  "minecraft:recipes/combat/golden_helmet": {
    "criteria": {
      "has_gold_ingot": "2025-06-12 03:03:09 +0000"
    },
    "done": true
  },
  "travelersbackpack:recipes/misc/gold_tier_upgrade": {
    "criteria": {
      "has_gold_ingot": "2025-06-12 03:03:09 +0000"
    },
    "done": true
  },
  "minecraft:recipes/tools/golden_hoe": {
    "criteria": {
      "has_gold_ingot": "2025-06-12 03:03:09 +0000"
    },
    "done": true
  },
  "minecraft:recipes/combat/golden_leggings": {
    "criteria": {
      "has_gold_ingot": "2025-06-12 03:03:09 +0000"
    },
    "done": true
  },
  "travelersbackpack:recipes/misc/blast_furnace_upgrade": {
    "criteria": {
      "has_blank_upgrade": "2025-06-12 03:03:38 +0000"
    },
    "done": true
  },
  "travelersbackpack:recipes/misc/crafting_upgrade": {
    "criteria": {
      "has_blank_upgrade": "2025-06-12 03:03:38 +0000"
    },
    "done": true
  },
  "travelersbackpack:recipes/misc/jukebox_upgrade": {
    "criteria": {
      "has_blank_upgrade": "2025-06-12 03:03:38 +0000"
    },
    "done": true
  },
  "travelersbackpack:recipes/misc/smoker_upgrade": {
    "criteria": {
      "has_blank_upgrade": "2025-06-12 03:03:38 +0000"
    },
    "done": true
  },
  "travelersbackpack:recipes/misc/pickup_upgrade": {
    "criteria": {
      "has_blank_upgrade": "2025-06-12 03:03:38 +0000"
    },
    "done": true
  },
  "travelersbackpack:recipes/misc/void_upgrade": {
    "criteria": {
      "has_blank_upgrade": "2025-06-12 03:03:38 +0000"
    },
    "done": true
  },
  "travelersbackpack:recipes/misc/tanks_upgrade": {
    "criteria": {
      "has_blank_upgrade": "2025-06-12 03:03:38 +0000"
    },
    "done": true
  },
  "travelersbackpack:recipes/misc/feeding_upgrade": {
    "criteria": {
      "has_blank_upgrade": "2025-06-12 03:03:38 +0000"
    },
    "done": true
  },
  "travelersbackpack:recipes/misc/furnace_upgrade": {
    "criteria": {
      "has_blank_upgrade": "2025-06-12 03:03:38 +0000"
    },
    "done": true
  },
  "travelersbackpack:recipes/misc/magnet_upgrade": {
    "criteria": {
      "has_blank_upgrade": "2025-06-12 03:03:38 +0000"
    },
    "done": true
  },
  "minecraft:recipes/decorations/composter": {
    "criteria": {
      "has_wood_slab": "2025-06-12 03:05:55 +0000"
    },
    "done": true
  },
  "immersiveengineering:recipes/misc/crafting/blueprint_warning_sign": {
    "criteria": {
      "has_paper": "2025-06-12 03:06:01 +0000"
    },
    "done": true
  },
  "immersiveengineering:recipes/misc/crafting/blueprint_bannerpatterns": {
    "criteria": {
      "has_paper": "2025-06-12 03:06:01 +0000"
    },
    "done": true
  },
  "immersiveengineering:recipes/misc/crafting/blueprint_bullets": {
    "criteria": {
      "has_paper": "2025-06-12 03:06:01 +0000"
    },
    "done": true
  },
  "immersiveengineering:recipes/misc/crafting/blueprint_molds": {
    "criteria": {
      "has_paper": "2025-06-12 03:06:01 +0000"
    },
    "done": true
  },
  "minecraft:recipes/misc/book": {
    "criteria": {
      "has_paper": "2025-06-12 03:06:01 +0000"
    },
    "done": true
  },
  "immersiveengineering:recipes/misc/crafting/blueprint_components": {
    "criteria": {
      "has_paper": "2025-06-12 03:06:01 +0000"
    },
    "done": true
  },
  "minecraft:recipes/decorations/cartography_table": {
    "criteria": {
      "has_paper": "2025-06-12 03:06:01 +0000"
    },
    "done": true
  },
  "minecraft:recipes/building_blocks/oak_planks": {
    "criteria": {
      "has_logs": "2025-06-12 03:06:07 +0000"
    },
    "done": true
  },
  "minecraft:recipes/building_blocks/oak_wood": {
    "criteria": {
      "has_log": "2025-06-12 03:06:07 +0000"
    },
    "done": true
  },
  "minecraft:recipes/building_blocks/mossy_cobblestone_from_moss_block": {
    "criteria": {
      "has_moss_block": "2025-06-12 03:06:22 +0000"
    },
    "done": true
  },
  "minecraft:recipes/decorations/moss_carpet": {
    "criteria": {
      "has_moss_block": "2025-06-12 03:06:22 +0000"
    },
    "done": true
  },
  "biomesoplenty:recipes/building_blocks/mossy_black_sand": {
    "criteria": {
      "has_moss_block": "2025-06-12 03:06:22 +0000"
    },
    "done": true
  },
  "minecraft:recipes/building_blocks/mossy_stone_bricks_from_moss_block": {
    "criteria": {
      "has_moss_block": "2025-06-12 03:06:22 +0000"
    },
    "done": true
  },
  "moredelight:recipes/cooking/diced_potatoes_with_chicken_cuts": {
    "criteria": {
      "has_any_ingredient": "2025-06-12 03:06:37 +0000"
    },
    "done": true
  },
  "moredelight:recipes/cooking/diced_potatoes_with_egg_and_tomato": {
    "criteria": {
      "has_any_ingredient": "2025-06-12 03:06:37 +0000"
    },
    "done": true
  },
  "farmersdelight:recipes/cooking/dumplings": {
    "criteria": {
      "has_any_ingredient": "2025-06-12 03:06:37 +0000"
    },
    "done": true
  },
  "moredelight:recipes/cooking/diced_potatoes_with_porkchop": {
    "criteria": {
      "has_any_ingredient": "2025-06-12 03:06:37 +0000"
    },
    "done": true
  },
  "moredelight:recipes/cooking/cooked_rice_with_porkchop": {
    "criteria": {
      "has_any_ingredient": "2025-06-12 03:06:37 +0000"
    },
    "done": true
  },
  "farmersdelight:recipes/food/barbecue_stick": {
    "criteria": {
      "has_onion": "2025-06-12 03:06:37 +0000"
    },
    "done": true
  },
  "farmersdelight:recipes/cooking/fried_rice": {
    "criteria": {
      "has_any_ingredient": "2025-06-12 03:06:37 +0000"
    },
    "done": true
  },
  "moredelight:recipes/cooking/cooked_rice_with_chicken_cuts": {
    "criteria": {
      "has_any_ingredient": "2025-06-12 03:06:37 +0000"
    },
    "done": true
  },
  "farmersdelight:recipes/cooking/ratatouille": {
    "criteria": {
      "has_any_ingredient": "2025-06-12 03:06:37 +0000"
    },
    "done": true
  },
  "farmersdelight:recipes/building_blocks/onion_crate": {
    "criteria": {
      "has_onion": "2025-06-12 03:06:37 +0000"
    },
    "done": true
  },
  "farmersdelight:recipes/cooking/vegetable_soup": {
    "criteria": {
      "has_any_ingredient": "2025-06-12 03:06:37 +0000"
    },
    "done": true
  },
  "moredelight:recipes/cooking/creamy_pasta_with_ham": {
    "criteria": {
      "has_any_ingredient": "2025-06-12 03:06:37 +0000"
    },
    "done": true
  },
  "moredelight:recipes/cooking/creamy_pasta_with_chicken_cuts": {
    "criteria": {
      "has_any_ingredient": "2025-06-12 03:06:37 +0000"
    },
    "done": true
  },
  "minecraft:recipes/decorations/oak_sign": {
    "criteria": {
      "has_planks": "2025-06-12 03:07:03 +0000"
    },
    "done": true
  },
  "minecraft:recipes/building_blocks/oak_slab": {
    "criteria": {
      "has_planks": "2025-06-12 03:07:03 +0000"
    },
    "done": true
  },
  "minecraft:recipes/redstone/oak_fence_gate": {
    "criteria": {
      "has_planks": "2025-06-12 03:07:03 +0000"
    },
    "done": true
  },
  "minecraft:recipes/redstone/oak_door": {
    "criteria": {
      "has_planks": "2025-06-12 03:07:03 +0000"
    },
    "done": true
  },
  "minecraft:recipes/redstone/oak_trapdoor": {
    "criteria": {
      "has_planks": "2025-06-12 03:07:03 +0000"
    },
    "done": true
  },
  "minecraft:recipes/building_blocks/oak_stairs": {
    "criteria": {
      "has_planks": "2025-06-12 03:07:03 +0000"
    },
    "done": true
  },
  "minecraft:recipes/decorations/oak_fence": {
    "criteria": {
      "has_planks": "2025-06-12 03:07:03 +0000"
    },
    "done": true
  },
  "minecraft:recipes/redstone/oak_button": {
    "criteria": {
      "has_planks": "2025-06-12 03:07:03 +0000"
    },
    "done": true
  },
  "minecraft:recipes/redstone/oak_pressure_plate": {
    "criteria": {
      "has_planks": "2025-06-12 03:07:03 +0000"
    },
    "done": true
  },
  "farmersdelight:recipes/food/kelp_roll": {
    "criteria": {
      "has_dried_kelp": "2025-06-12 03:07:40 +0000"
    },
    "done": true
  },
  "farmersdelight:recipes/cooking/noodle_soup": {
    "criteria": {
      "has_any_ingredient": "2025-06-12 03:07:40 +0000"
    },
    "done": true
  },
  "minecraft:recipes/building_blocks/dried_kelp_block": {
    "criteria": {
      "has_dried_kelp": "2025-06-12 03:07:40 +0000"
    },
    "done": true
  },
  "farmersdelight:recipes/food/sweet_berry_cookie": {
    "criteria": {
      "has_sweet_berries": "2025-06-12 03:09:46 +0000"
    },
    "done": true
  },
  "travelersbackpack:recipes/misc/fox": {
    "criteria": {
      "has_sweet_berries": "2025-06-12 03:09:46 +0000"
    },
    "done": true
  },
  "moredelight:recipes/food/toast_with_sweet_berries": {
    "criteria": {
      "has_sweet_berries": "2025-06-12 03:09:46 +0000"
    },
    "done": true
  },
  "minecraft:recipes/brewing/fermented_spider_eye": {
    "criteria": {
      "has_spider_eye": "2025-06-12 03:10:16 +0000"
    },
    "done": true
  },
  "repurposed_structures:witch_huts": {
    "criteria": {
      "in_witch_hut_taiga": "2025-06-12 03:10:19 +0000"
    },
    "done": false
  },
  "minecraft:recipes/building_blocks/cherry_planks": {
    "criteria": {
      "has_log": "2025-06-12 03:10:48 +0000"
    },
    "done": true
  },
  "minecraft:recipes/building_blocks/cherry_wood": {
    "criteria": {
      "has_log": "2025-06-12 03:10:48 +0000"
    },
    "done": true
  },
  "minecraft:recipes/decorations/smoker": {
    "criteria": {
      "has_furnace": "2025-06-12 03:11:13 +0000"
    },
    "done": true
  },
  "travelersbackpack:recipes/misc/coal": {
    "criteria": {
      "has_coal": "2025-06-12 03:11:19 +0000"
    },
    "done": true
  },
  "minecraft:recipes/building_blocks/coal_block": {
    "criteria": {
      "has_coal": "2025-06-12 03:11:19 +0000"
    },
    "done": true
  },
  "minecraft:recipes/food/baked_potato_from_campfire_cooking": {
    "criteria": {
      "has_potato": "2025-06-12 03:11:51 +0000"
    },
    "done": true
  },
  "minecraft:recipes/food/baked_potato": {
    "criteria": {
      "has_potato": "2025-06-12 03:11:51 +0000"
    },
    "done": true
  },
  "minecraft:recipes/food/baked_potato_from_smoking": {
    "criteria": {
      "has_potato": "2025-06-12 03:11:51 +0000"
    },
    "done": true
  },
  "farmersdelight:recipes/cooking/glow_berry_custard": {
    "criteria": {
      "has_any_ingredient": "2025-06-12 03:11:52 +0000"
    },
    "done": true
  },
  "moredelight:recipes/food/toast_with_glow_berries": {
    "criteria": {
      "has_glow_berries": "2025-06-12 03:11:52 +0000"
    },
    "done": true
  },
  "minecraft:recipes/food/cooked_mutton_from_smoking": {
    "criteria": {
      "has_mutton": "2025-06-12 03:11:57 +0000"
    },
    "done": true
  },
  "minecraft:recipes/food/cooked_mutton": {
    "criteria": {
      "has_mutton": "2025-06-12 03:11:57 +0000"
    },
    "done": true
  },
  "minecraft:recipes/food/cooked_mutton_from_campfire_cooking": {
    "criteria": {
      "has_mutton": "2025-06-12 03:11:57 +0000"
    },
    "done": true
  },
  "farmersdelight:recipes/cooking/pasta_with_mutton_chop": {
    "criteria": {
      "has_any_ingredient": "2025-06-12 03:11:57 +0000"
    },
    "done": true
  },
  "moredelight:recipes/food/steak_sandwich": {
    "criteria": {
      "has_cooked_beef": "2025-06-12 03:12:00 +0000"
    },
    "done": true
  },
  "farmersdelight:recipes/food/roasted_mutton_chops": {
    "criteria": {
      "has_mutton": "2025-06-12 03:13:03 +0000"
    },
    "done": true
  },
  "farmersdelight:recipes/food/shepherds_pie_block": {
    "criteria": {
      "has_cooked_mutton": "2025-06-12 03:13:03 +0000"
    },
    "done": true
  },
  "farmersdelight:recipes/food/mutton_wrap": {
    "criteria": {
      "has_mutton": "2025-06-12 03:13:03 +0000"
    },
    "done": true
  },
  "biomesoplenty:recipes/misc/white_dye_from_white_petals": {
    "criteria": {
      "has_white_petals": "2025-06-12 03:13:29 +0000"
    },
    "done": true
  },
  "repurposed_structures:outposts": {
    "criteria": {
      "in_outpost_snowy": "2025-06-12 03:14:25 +0000"
    },
    "done": false
  },
  "minecraft:recipes/misc/sentry_armor_trim_smithing_template": {
    "criteria": {
      "has_sentry_armor_trim_smithing_template": "2025-06-12 03:16:09 +0000"
    },
    "done": true
  },
  "minecraft:recipes/misc/sentry_armor_trim_smithing_template_smithing_trim": {
    "criteria": {
      "has_smithing_trim_template": "2025-06-12 03:16:09 +0000"
    },
    "done": true
  },
  "minecraft:adventure/sleep_in_bed": {
    "criteria": {
      "slept_in_bed": "2025-06-12 03:20:00 +0000"
    },
    "done": true
  },
  "immersiveengineering:recipes/misc/crafting/balloon": {
    "criteria": {
      "has_hemp_fabric": "2025-06-12 03:20:40 +0000"
    },
    "done": true
  },
  "immersiveengineering:recipes/misc/crafting/strip_curtain": {
    "criteria": {
      "has_hemp_fabric": "2025-06-12 03:20:40 +0000"
    },
    "done": true
  },
  "immersiveengineering:recipes/misc/crafting/glider": {
    "criteria": {
      "has_hemp_fabric": "2025-06-12 03:20:40 +0000"
    },
    "done": true
  },
  "immersiveengineering:recipes/misc/crafting/cushion": {
    "criteria": {
      "has_hemp_fabric": "2025-06-12 03:20:40 +0000"
    },
    "done": true
  },
  "immersiveengineering:recipes/misc/crafting/windmill_sail": {
    "criteria": {
      "has_hemp_fabric": "2025-06-12 03:20:40 +0000"
    },
    "done": true
  },
  "immersiveengineering:recipes/misc/crafting/ersatz_leather": {
    "criteria": {
      "has_hemp_fabric": "2025-06-12 03:20:40 +0000"
    },
    "done": true
  },
  "immersiveengineering:recipes/misc/crafting/nugget_silver_to_ingot_silver": {
    "criteria": {
      "has_nugget_silver": "2025-06-12 03:20:41 +0000"
    },
    "done": true
  },
  "immersiveengineering:recipes/misc/crafting/ingot_silver_to_nugget_silver": {
    "criteria": {
      "has_ingot_silver": "2025-06-12 03:20:41 +0000"
    },
    "done": true
  },
  "immersiveengineering:recipes/misc/crafting/connector_lv": {
    "criteria": {
      "has_copper_ingot": "2025-06-12 03:20:59 +0000"
    },
    "done": true
  },
  "minecraft:recipes/redstone/lightning_rod": {
    "criteria": {
      "has_copper_ingot": "2025-06-12 03:20:59 +0000"
    },
    "done": true
  },
  "minecraft:recipes/building_blocks/copper_block": {
    "criteria": {
      "has_copper_ingot": "2025-06-12 03:20:59 +0000"
    },
    "done": true
  },
  "minecraft:recipes/tools/brush": {
    "criteria": {
      "has_copper_ingot": "2025-06-12 03:20:59 +0000"
    },
    "done": true
  },
  "immersiveengineering:recipes/misc/crafting/light_engineering": {
    "criteria": {
      "has_copper_ingot": "2025-06-12 03:20:59 +0000"
    },
    "done": true
  },
  "immersiveengineering:recipes/misc/crafting/empty_shell": {
    "criteria": {
      "has_coppper_ingot": "2025-06-12 03:20:59 +0000"
    },
    "done": true
  },
  "immersiveengineering:recipes/misc/crafting/wire_copper": {
    "criteria": {
      "has_copper_ingot": "2025-06-12 03:20:59 +0000"
    },
    "done": true
  },
  "immersiveengineering:recipes/misc/crafting/empty_casing": {
    "criteria": {
      "has_coppper_ingot": "2025-06-12 03:20:59 +0000"
    },
    "done": true
  },
  "immersiveengineering:recipes/misc/crafting/metal_ladder_none": {
    "criteria": {
      "has_metal_rod": "2025-06-12 03:20:59 +0000"
    },
    "done": true
  },
  "immersiveengineering:recipes/misc/crafting/plate_copper_hammering": {
    "criteria": {
      "has_copper_ingot": "2025-06-12 03:20:59 +0000"
    },
    "done": true
  },
  "immersiveengineering:recipes/misc/crafting/voltmeter": {
    "criteria": {
      "has_copper_ingot": "2025-06-12 03:20:59 +0000"
    },
    "done": true
  },
  "minecraft:recipes/redstone/copper_trapdoor": {
    "criteria": {
      "has_copper_ingot": "2025-06-12 03:20:59 +0000"
    },
    "done": true
  },
  "immersiveengineering:recipes/misc/crafting/wirecoil_copper": {
    "criteria": {
      "has_copper_ingot": "2025-06-12 03:20:59 +0000"
    },
    "done": true
  },
  "minecraft:recipes/redstone/copper_door": {
    "criteria": {
      "has_copper_ingot": "2025-06-12 03:20:59 +0000"
    },
    "done": true
  },
  "immersiveengineering:recipes/misc/crafting/earmuffs": {
    "criteria": {
      "has_iron_rod": "2025-06-12 03:20:59 +0000"
    },
    "done": true
  },
  "immersiveengineering:recipes/misc/crafting/connector_lv_relay": {
    "criteria": {
      "has_copper_ingot": "2025-06-12 03:20:59 +0000"
    },
    "done": true
  },
  "immersiveengineering:recipes/misc/crafting/steel_scaffolding_standard": {
    "criteria": {
      "has_steel_sticks": "2025-06-12 03:21:07 +0000"
    },
    "done": true
  },
  "immersiveengineering:recipes/misc/crafting/gunpart_barrel": {
    "criteria": {
      "has_stick_steel": "2025-06-12 03:21:07 +0000"
    },
    "done": true
  },
  "immersiveengineering:recipes/misc/crafting/steel_fence": {
    "criteria": {
      "has_steel_sticks": "2025-06-12 03:21:07 +0000"
    },
    "done": true
  },
  "immersiveengineering:recipes/misc/crafting/steel_fence_gate": {
    "criteria": {
      "has_steel_sticks": "2025-06-12 03:21:07 +0000"
    },
    "done": true
  },
  "immersiveengineering:main/villager": {
    "criteria": {
      "meet_outfitter": "2025-06-12 03:21:36 +0000"
    },
    "done": true
  },
  "immersiveengineering:recipes/misc/crafting/coke_to_coal_coke": {
    "criteria": {
      "has_coke": "2025-06-12 03:23:22 +0000"
    },
    "done": true
  },
  "immersiveengineering:recipes/misc/crafting/coal_coke_to_coke": {
    "criteria": {
      "has_coal_coke": "2025-06-12 03:23:22 +0000"
    },
    "done": true
  },
  "immersiveengineering:recipes/misc/crafting/wooden_grip": {
    "criteria": {
      "has_treated_sticks": "2025-06-12 03:23:25 +0000"
    },
    "done": true
  },
  "immersiveengineering:recipes/misc/crafting/treated_fence": {
    "criteria": {
      "has_treated_sticks": "2025-06-12 03:23:25 +0000"
    },
    "done": true
  },
  "immersiveengineering:recipes/misc/crafting/treated_scaffold": {
    "criteria": {
      "has_treated_sticks": "2025-06-12 03:23:25 +0000"
    },
    "done": true
  },
  "immersiveengineering:recipes/misc/crafting/treated_fence_gate": {
    "criteria": {
      "has_treated_sticks": "2025-06-12 03:23:25 +0000"
    },
    "done": true
  },
  "immersiveengineering:recipes/misc/crafting/alu_fence_gate": {
    "criteria": {
      "has_alu_sticks": "2025-06-12 03:23:35 +0000"
    },
    "done": true
  },
  "immersiveengineering:recipes/misc/crafting/alu_fence": {
    "criteria": {
      "has_alu_sticks": "2025-06-12 03:23:35 +0000"
    },
    "done": true
  },
  "immersiveengineering:recipes/misc/crafting/alu_scaffolding_standard": {
    "criteria": {
      "has_alu_sticks": "2025-06-12 03:23:35 +0000"
    },
    "done": true
  },
  "immersiveengineering:recipes/misc/crafting/nugget_lead_to_ingot_lead": {
    "criteria": {
      "has_nugget_lead": "2025-06-12 03:23:37 +0000"
    },
    "done": true
  },
  "immersiveengineering:recipes/misc/crafting/ingot_lead_to_nugget_lead": {
    "criteria": {
      "has_ingot_lead": "2025-06-12 03:23:37 +0000"
    },
    "done": true
  },
  "immersiveengineering:recipes/misc/crafting/turntable": {
    "criteria": {
      "has_component_iron": "2025-06-12 03:23:38 +0000"
    },
    "done": true
  },
  "immersiveengineering:recipes/misc/crafting/generator": {
    "criteria": {
      "has_component_iron": "2025-06-12 03:23:38 +0000"
    },
    "done": true
  },
  "immersiveengineering:recipes/misc/crafting/waterwheel_segment": {
    "criteria": {
      "has_treated_planks": "2025-06-12 03:23:42 +0000"
    },
    "done": true
  },
  "immersiveengineering:recipes/misc/crafting/wooden_barrel": {
    "criteria": {
      "has_treated_planks": "2025-06-12 03:23:42 +0000"
    },
    "done": true
  },
  "immersiveengineering:recipes/misc/crafting/treated_catwalk": {
    "criteria": {
      "has_treated_planks": "2025-06-12 03:23:42 +0000"
    },
    "done": true
  },
  "immersiveengineering:recipes/misc/crafting/treated_trapdoor": {
    "criteria": {
      "has_treated_planks": "2025-06-12 03:23:42 +0000"
    },
    "done": true
  },
  "immersiveengineering:recipes/misc/crafting/workbench": {
    "criteria": {
      "has_treated_planks": "2025-06-12 03:23:42 +0000"
    },
    "done": true
  },
  "immersiveengineering:recipes/misc/crafting/treated_window": {
    "criteria": {
      "has_treated_planks": "2025-06-12 03:23:42 +0000"
    },
    "done": true
  },
  "immersiveengineering:recipes/misc/crafting/windmill_blade": {
    "criteria": {
      "has_treated_planks": "2025-06-12 03:23:42 +0000"
    },
    "done": true
  },
  "immersiveengineering:recipes/misc/crafting/craftingtable": {
    "criteria": {
      "has_treated_planks": "2025-06-12 03:23:42 +0000"
    },
    "done": true
  },
  "immersiveengineering:recipes/misc/crafting/treated_door": {
    "criteria": {
      "has_treated_planks": "2025-06-12 03:23:42 +0000"
    },
    "done": true
  },
  "immersiveengineering:recipes/misc/crafting/treated_wallmount": {
    "criteria": {
      "has_treated_planks": "2025-06-12 03:23:42 +0000"
    },
    "done": true
  },
  "immersiveengineering:recipes/misc/crafting/treated_wood_sign": {
    "criteria": {
      "has_material": "2025-06-12 03:23:42 +0000"
    },
    "done": true
  },
  "immersiveengineering:recipes/misc/crafting/treated_wood_hanging_sign": {
    "criteria": {
      "has_material": "2025-06-12 03:23:42 +0000"
    },
    "done": true
  },
  "immersiveengineering:recipes/misc/crafting/treated_catwalk_stairs": {
    "criteria": {
      "has_treated_planks": "2025-06-12 03:23:42 +0000"
    },
    "done": true
  },
  "immersiveengineering:recipes/misc/crafting/stick_treated": {
    "criteria": {
      "has_treated_planks": "2025-06-12 03:23:42 +0000"
    },
    "done": true
  },
  "immersiveengineering:recipes/misc/crafting/reinforced_crate": {
    "criteria": {
      "has_treated_planks": "2025-06-12 03:23:42 +0000"
    },
    "done": true
  },
  "immersiveengineering:recipes/misc/crafting/blueprint_shelf": {
    "criteria": {
      "has_treated_planks": "2025-06-12 03:23:42 +0000"
    },
    "done": true
  },
  "immersiveengineering:recipes/misc/crafting/basic_engineering": {
    "criteria": {
      "has_treated_planks": "2025-06-12 03:23:42 +0000"
    },
    "done": true
  },
  "immersiveengineering:recipes/misc/crafting/treated_wood_packaged_from_vertical": {
    "criteria": {
      "has_treated_wood_vertical": "2025-06-12 03:23:42 +0000"
    },
    "done": true
  },
  "immersiveengineering:recipes/misc/crafting/stairs_treated_wood_vertical": {
    "criteria": {
      "has_treated_wood_vertical": "2025-06-12 03:23:42 +0000"
    },
    "done": true
  },
  "immersiveengineering:recipes/misc/crafting/crate": {
    "criteria": {
      "has_treated_planks": "2025-06-12 03:23:42 +0000"
    },
    "done": true
  },
  "immersiveengineering:recipes/misc/crafting/treated_wood_vertical_to_slab": {
    "criteria": {
      "has_treated_wood_vertical": "2025-06-12 03:23:42 +0000"
    },
    "done": true
  },
  "immersiveengineering:recipes/misc/crafting/treated_wood_vertical_from_slab": {
    "criteria": {
      "has_treated_wood_vertical": "2025-06-12 03:23:42 +0000"
    },
    "done": true
  },
  "immersiveengineering:tools/tools_root": {
    "criteria": {
      "has_item": "2025-06-12 03:23:50 +0000"
    },
    "done": true
  },
  "immersiveengineering:main/craft_workbench": {
    "criteria": {
      "has_item": "2025-06-12 03:23:50 +0000"
    },
    "done": true
  },
  "immersiveengineering:recipes/misc/crafting/buzzsaw": {
    "criteria": {
      "has_component_steel": "2025-06-12 03:25:48 +0000"
    },
    "done": true
  },
  "immersiveengineering:recipes/misc/crafting/heavy_engineering": {
    "criteria": {
      "has_component_steel": "2025-06-12 03:25:48 +0000"
    },
    "done": true
  },
  "biomesoplenty:recipes/building_blocks/fir_wood": {
    "criteria": {
      "has_log": "2025-06-12 03:28:41 +0000"
    },
    "done": true
  },
  "biomesoplenty:recipes/building_blocks/fir_planks": {
    "criteria": {
      "has_logs": "2025-06-12 03:28:41 +0000"
    },
    "done": true
  },
  "minecraft:recipes/misc/yellow_dye_from_dandelion": {
    "criteria": {
      "has_dandelion": "2025-06-12 03:30:16 +0000"
    },
    "done": true
  },
  "immersiveengineering:recipes/misc/smelting/ingot_aluminum3": {
    "criteria": {
      "has_raw_aluminum": "2025-06-12 03:30:40 +0000"
    },
    "done": true
  },
  "immersiveengineering:recipes/misc/smelting/ingot_lead3": {
    "criteria": {
      "has_raw_lead": "2025-06-12 03:30:40 +0000"
    },
    "done": true
  },
  "immersiveengineering:recipes/misc/crafting/raw_aluminum_to_raw_block_aluminum": {
    "criteria": {
      "has_raw_aluminum": "2025-06-12 03:30:40 +0000"
    },
    "done": true
  },
  "minecraft:recipes/tools/spyglass": {
    "criteria": {
      "has_amethyst_shard": "2025-06-12 03:30:40 +0000"
    },
    "done": true
  },
  "immersiveengineering:recipes/misc/smelting/ingot_nickel3": {
    "criteria": {
      "has_raw_nickel": "2025-06-12 03:30:40 +0000"
    },
    "done": true
  },
  "immersiveengineering:recipes/misc/crafting/raw_block_nickel_to_raw_nickel": {
    "criteria": {
      "has_raw_block_nickel": "2025-06-12 03:30:40 +0000"
    },
    "done": true
  },
  "immersiveengineering:recipes/misc/crafting/raw_block_silver_to_raw_silver": {
    "criteria": {
      "has_raw_block_silver": "2025-06-12 03:30:40 +0000"
    },
    "done": true
  },
  "minecraft:recipes/redstone/calibrated_sculk_sensor": {
    "criteria": {
      "has_amethyst_shard": "2025-06-12 03:30:40 +0000"
    },
    "done": true
  },
  "minecraft:recipes/building_blocks/tinted_glass": {
    "criteria": {
      "has_amethyst_shard": "2025-06-12 03:30:40 +0000"
    },
    "done": true
  },
  "immersiveengineering:recipes/misc/crafting/raw_block_uranium_to_raw_uranium": {
    "criteria": {
      "has_raw_block_uranium": "2025-06-12 03:30:40 +0000"
    },
    "done": true
  },
  "immersiveengineering:recipes/misc/crafting/raw_silver_to_raw_block_silver": {
    "criteria": {
      "has_raw_silver": "2025-06-12 03:30:40 +0000"
    },
    "done": true
  },
  "immersiveengineering:recipes/misc/smelting/ingot_lead_from_blasting3": {
    "criteria": {
      "has_raw_lead": "2025-06-12 03:30:40 +0000"
    },
    "done": true
  },
  "immersiveengineering:recipes/misc/crafting/raw_nickel_to_raw_block_nickel": {
    "criteria": {
      "has_raw_nickel": "2025-06-12 03:30:40 +0000"
    },
    "done": true
  },
  "immersiveengineering:recipes/misc/smelting/ingot_silver_from_blasting3": {
    "criteria": {
      "has_raw_silver": "2025-06-12 03:30:40 +0000"
    },
    "done": true
  },
  "immersiveengineering:recipes/misc/crafting/raw_lead_to_raw_block_lead": {
    "criteria": {
      "has_raw_lead": "2025-06-12 03:30:40 +0000"
    },
    "done": true
  },
  "immersiveengineering:recipes/misc/smelting/ingot_silver3": {
    "criteria": {
      "has_raw_silver": "2025-06-12 03:30:40 +0000"
    },
    "done": true
  },
  "farmersdelight:recipes/food/onion": {
    "criteria": {
      "has_onion_crate": "2025-06-12 03:30:40 +0000"
    },
    "done": true
  },
  "immersiveengineering:recipes/misc/smelting/ingot_aluminum_from_blasting3": {
    "criteria": {
      "has_raw_aluminum": "2025-06-12 03:30:40 +0000"
    },
    "done": true
  },
  "immersiveengineering:recipes/misc/smelting/ingot_uranium3": {
    "criteria": {
      "has_raw_uranium": "2025-06-12 03:30:40 +0000"
    },
    "done": true
  },
  "immersiveengineering:recipes/misc/smelting/ingot_nickel_from_blasting3": {
    "criteria": {
      "has_raw_nickel": "2025-06-12 03:30:40 +0000"
    },
    "done": true
  },
  "immersiveengineering:recipes/misc/crafting/raw_block_lead_to_raw_lead": {
    "criteria": {
      "has_raw_block_lead": "2025-06-12 03:30:40 +0000"
    },
    "done": true
  },
  "immersiveengineering:recipes/misc/crafting/raw_uranium_to_raw_block_uranium": {
    "criteria": {
      "has_raw_uranium": "2025-06-12 03:30:40 +0000"
    },
    "done": true
  },
  "immersiveengineering:recipes/misc/crafting/tinted_glass_lead_wire": {
    "criteria": {
      "has_amethyst": "2025-06-12 03:30:40 +0000"
    },
    "done": true
  },
  "minecraft:recipes/building_blocks/amethyst_block": {
    "criteria": {
      "has_amethyst_shard": "2025-06-12 03:30:40 +0000"
    },
    "done": true
  },
  "immersiveengineering:recipes/misc/smelting/ingot_uranium_from_blasting3": {
    "criteria": {
      "has_raw_uranium": "2025-06-12 03:30:40 +0000"
    },
    "done": true
  },
  "farmersdelight:recipes/food/tomato": {
    "criteria": {
      "has_tomato_crate": "2025-06-12 03:30:40 +0000"
    },
    "done": true
  },
  "immersiveengineering:recipes/misc/crafting/raw_block_aluminum_to_raw_aluminum": {
    "criteria": {
      "has_raw_block_aluminum": "2025-06-12 03:30:40 +0000"
    },
    "done": true
  },
  "minecraft:recipes/misc/gold_ingot_from_blasting_raw_gold": {
    "criteria": {
      "has_raw_gold": "2025-06-12 03:31:33 +0000"
    },
    "done": true
  },
  "minecraft:recipes/misc/gold_ingot_from_smelting_raw_gold": {
    "criteria": {
      "has_raw_gold": "2025-06-12 03:31:33 +0000"
    },
    "done": true
  },
  "minecraft:recipes/building_blocks/raw_gold_block": {
    "criteria": {
      "has_raw_gold": "2025-06-12 03:31:33 +0000"
    },
    "done": true
  },
  "minecraft:recipes/misc/copper_ingot_from_blasting_raw_copper": {
    "criteria": {
      "has_raw_copper": "2025-06-12 03:31:34 +0000"
    },
    "done": true
  },
  "minecraft:recipes/building_blocks/raw_copper_block": {
    "criteria": {
      "has_raw_copper": "2025-06-12 03:31:34 +0000"
    },
    "done": true
  },
  "minecraft:recipes/misc/copper_ingot_from_smelting_raw_copper": {
    "criteria": {
      "has_raw_copper": "2025-06-12 03:31:34 +0000"
    },
    "done": true
  },
  "minecraft:recipes/building_blocks/lapis_block": {
    "criteria": {
      "has_lapis_lazuli": "2025-06-12 03:31:35 +0000"
    },
    "done": true
  },
  "minecraft:recipes/misc/blue_dye": {
    "criteria": {
      "has_lapis_lazuli": "2025-06-12 03:31:35 +0000"
    },
    "done": true
  },
  "travelersbackpack:recipes/misc/lapis": {
    "criteria": {
      "has_lapis_lazuli": "2025-06-12 03:31:35 +0000"
    },
    "done": true
  },
  "biomesoplenty:recipes/redstone/tnt_from_bop_sand": {
    "criteria": {
      "has_gunpowder": "2025-06-12 03:32:16 +0000"
    },
    "done": true
  },
  "travelersbackpack:recipes/misc/creeper": {
    "criteria": {
      "has_gunpowder": "2025-06-12 03:32:16 +0000"
    },
    "done": true
  },
  "minecraft:story/lava_bucket": {
    "criteria": {
      "lava_bucket": "2025-06-12 03:32:16 +0000"
    },
    "done": true
  },
  "minecraft:recipes/redstone/slime_block": {
    "criteria": {
      "has_slime_ball": "2025-06-12 03:32:16 +0000"
    },
    "done": true
  },
  "minecraft:recipes/misc/firework_rocket_simple": {
    "criteria": {
      "has_gunpowder": "2025-06-12 03:32:16 +0000"
    },
    "done": true
  },
  "betterarcheology:recipes/combat/bomb": {
    "criteria": {
      "has_gunpowder": "2025-06-12 03:32:16 +0000"
    },
    "done": true
  },
  "minecraft:recipes/tools/lead": {
    "criteria": {
      "has_slime_ball": "2025-06-12 03:32:16 +0000"
    },
    "done": true
  },
  "minecraft:recipes/redstone/sticky_piston": {
    "criteria": {
      "has_slime_ball": "2025-06-12 03:32:16 +0000"
    },
    "done": true
  },
  "minecraft:recipes/redstone/tnt": {
    "criteria": {
      "has_gunpowder": "2025-06-12 03:32:16 +0000"
    },
    "done": true
  },
  "minecraft:recipes/redstone/tripwire_hook": {
    "criteria": {
      "has_string": "2025-06-12 03:33:13 +0000"
    },
    "done": true
  },
  "minecraft:recipes/decorations/candle": {
    "criteria": {
      "has_string": "2025-06-12 03:33:13 +0000"
    },
    "done": true
  },
  "minecraft:recipes/combat/bow": {
    "criteria": {
      "has_string": "2025-06-12 03:33:13 +0000"
    },
    "done": true
  },
  "minecraft:recipes/tools/fishing_rod": {
    "criteria": {
      "has_string": "2025-06-12 03:33:13 +0000"
    },
    "done": true
  },
  "travelersbackpack:recipes/misc/spider": {
    "criteria": {
      "has_string": "2025-06-12 03:33:13 +0000"
    },
    "done": true
  },
  "minecraft:recipes/building_blocks/white_wool_from_string": {
    "criteria": {
      "has_string": "2025-06-12 03:33:13 +0000"
    },
    "done": true
  },
  "minecraft:recipes/decorations/loom": {
    "criteria": {
      "has_string": "2025-06-12 03:33:13 +0000"
    },
    "done": true
  },
  "minecraft:recipes/building_blocks/clay": {
    "criteria": {
      "has_clay_ball": "2025-06-12 03:33:59 +0000"
    },
    "done": true
  },
  "minecraft:recipes/food/dried_kelp_from_smoking": {
    "criteria": {
      "has_kelp": "2025-06-12 03:33:59 +0000"
    },
    "done": true
  },
  "minecraft:story/form_obsidian": {
    "criteria": {
      "obsidian": "2025-06-12 03:33:59 +0000"
    },
    "done": true
  },
  "minecraft:recipes/misc/brick": {
    "criteria": {
      "has_clay_ball": "2025-06-12 03:33:59 +0000"
    },
    "done": true
  },
  "minecraft:recipes/food/dried_kelp_from_smelting": {
    "criteria": {
      "has_kelp": "2025-06-12 03:33:59 +0000"
    },
    "done": true
  },
  "minecraft:recipes/food/dried_kelp_from_campfire_cooking": {
    "criteria": {
      "has_kelp": "2025-06-12 03:33:59 +0000"
    },
    "done": true
  },
  "immersiveengineering:recipes/misc/crafting/cokebrick": {
    "criteria": {
      "has_item": "2025-06-12 03:33:59 +0000"
    },
    "done": true
  },
  "minecraft:recipes/decorations/glow_item_frame": {
    "criteria": {
      "has_glow_ink_sac": "2025-06-12 03:33:59 +0000"
    },
    "done": true
  },
  "immersiveengineering:recipes/misc/crafting/hempcrete": {
    "criteria": {
      "has_clay": "2025-06-12 03:33:59 +0000"
    },
    "done": true
  },
  "minecraft:recipes/misc/paper": {
    "criteria": {
      "has_reeds": "2025-06-12 03:33:59 +0000"
    },
    "done": true
  },
  "immersiveengineering:recipes/misc/crafting/concrete": {
    "criteria": {
      "has_clay": "2025-06-12 03:33:59 +0000"
    },
    "done": true
  },
  "minecraft:recipes/misc/sugar_from_sugar_cane": {
    "criteria": {
      "has_sugar_cane": "2025-06-12 03:33:59 +0000"
    },
    "done": true
  },
  "minecraft:recipes/decorations/enchanting_table": {
    "criteria": {
      "has_obsidian": "2025-06-12 03:33:59 +0000"
    },
    "done": true
  },
  "minecraft:recipes/building_blocks/andesite_stairs": {
    "criteria": {
      "has_andesite": "2025-06-12 03:37:02 +0000"
    },
    "done": true
  },
  "minecraft:recipes/building_blocks/polished_andesite_from_andesite_stonecutting": {
    "criteria": {
      "has_andesite": "2025-06-12 03:37:02 +0000"
    },
    "done": true
  },
  "minecraft:recipes/building_blocks/polished_andesite_stairs_from_andesite_stonecutting": {
    "criteria": {
      "has_andesite": "2025-06-12 03:37:02 +0000"
    },
    "done": true
  },
  "minecraft:recipes/decorations/andesite_wall_from_andesite_stonecutting": {
    "criteria": {
      "has_andesite": "2025-06-12 03:37:02 +0000"
    },
    "done": true
  },
  "minecraft:recipes/building_blocks/polished_andesite_slab_from_andesite_stonecutting": {
    "criteria": {
      "has_andesite": "2025-06-12 03:37:02 +0000"
    },
    "done": true
  },
  "minecraft:recipes/building_blocks/andesite_slab_from_andesite_stonecutting": {
    "criteria": {
      "has_andesite": "2025-06-12 03:37:02 +0000"
    },
    "done": true
  },
  "minecraft:recipes/building_blocks/andesite_stairs_from_andesite_stonecutting": {
    "criteria": {
      "has_andesite": "2025-06-12 03:37:02 +0000"
    },
    "done": true
  },
  "minecraft:recipes/building_blocks/polished_andesite": {
    "criteria": {
      "has_andesite": "2025-06-12 03:37:02 +0000"
    },
    "done": true
  },
  "minecraft:recipes/decorations/andesite_wall": {
    "criteria": {
      "has_andesite": "2025-06-12 03:37:02 +0000"
    },
    "done": true
  },
  "minecraft:recipes/building_blocks/andesite_slab": {
    "criteria": {
      "has_andesite": "2025-06-12 03:37:02 +0000"
    },
    "done": true
  },
  "farmersdelight:recipes/cooking/rabbit_stew": {
    "criteria": {
      "has_any_ingredient": "2025-06-12 03:46:37 +0000"
    },
    "done": true
  },
  "farmersdelight:recipes/cooking/chicken_soup": {
    "criteria": {
      "has_any_ingredient": "2025-06-12 03:46:37 +0000"
    },
    "done": true
  },
  "moredelight:recipes/cooking/carrot_soup": {
    "criteria": {
      "has_any_ingredient": "2025-06-12 03:46:37 +0000"
    },
    "done": true
  },
  "farmersdelight:recipes/cooking/vegetable_noodles": {
    "criteria": {
      "has_any_ingredient": "2025-06-12 03:46:37 +0000"
    },
    "done": true
  },
  "minecraft:recipes/transportation/carrot_on_a_stick": {
    "criteria": {
      "has_carrot": "2025-06-12 03:46:37 +0000"
    },
    "done": true
  },
  "biomesoplenty:recipes/transportation/jacaranda_chest_boat": {
    "criteria": {
      "has_boat": "2025-06-12 04:07:31 +0000"
    },
    "done": true
  },
  "biomesoplenty:recipes/transportation/pine_chest_boat": {
    "criteria": {
      "has_boat": "2025-06-12 04:07:31 +0000"
    },
    "done": true
  },
  "minecraft:recipes/transportation/spruce_chest_boat": {
    "criteria": {
      "has_boat": "2025-06-12 04:07:31 +0000"
    },
    "done": true
  },
  "minecraft:recipes/transportation/jungle_chest_boat": {
    "criteria": {
      "has_boat": "2025-06-12 04:07:31 +0000"
    },
    "done": true
  },
  "minecraft:recipes/transportation/mangrove_chest_boat": {
    "criteria": {
      "has_boat": "2025-06-12 04:07:31 +0000"
    },
    "done": true
  },
  "biomesoplenty:recipes/transportation/fir_chest_boat": {
    "criteria": {
      "has_boat": "2025-06-12 04:07:31 +0000"
    },
    "done": true
  },
  "biomesoplenty:recipes/transportation/maple_chest_boat": {
    "criteria": {
      "has_boat": "2025-06-12 04:07:31 +0000"
    },
    "done": true
  },
  "biomesoplenty:recipes/transportation/palm_chest_boat": {
    "criteria": {
      "has_boat": "2025-06-12 04:07:31 +0000"
    },
    "done": true
  },
  "minecraft:recipes/transportation/oak_chest_boat": {
    "criteria": {
      "has_boat": "2025-06-12 04:07:31 +0000"
    },
    "done": true
  },
  "minecraft:recipes/transportation/bamboo_chest_raft": {
    "criteria": {
      "has_boat": "2025-06-12 04:07:31 +0000"
    },
    "done": true
  },
  "biomesoplenty:recipes/transportation/hellbark_chest_boat": {
    "criteria": {
      "has_boat": "2025-06-12 04:07:31 +0000"
    },
    "done": true
  },
  "biomesoplenty:recipes/transportation/umbran_chest_boat": {
    "criteria": {
      "has_boat": "2025-06-12 04:07:31 +0000"
    },
    "done": true
  },
  "biomesoplenty:recipes/transportation/willow_chest_boat": {
    "criteria": {
      "has_boat": "2025-06-12 04:07:31 +0000"
    },
    "done": true
  },
  "minecraft:recipes/transportation/acacia_chest_boat": {
    "criteria": {
      "has_boat": "2025-06-12 04:07:31 +0000"
    },
    "done": true
  },
  "biomesoplenty:recipes/transportation/magic_chest_boat": {
    "criteria": {
      "has_boat": "2025-06-12 04:07:31 +0000"
    },
    "done": true
  },
  "biomesoplenty:recipes/transportation/redwood_chest_boat": {
    "criteria": {
      "has_boat": "2025-06-12 04:07:31 +0000"
    },
    "done": true
  },
  "minecraft:recipes/transportation/cherry_chest_boat": {
    "criteria": {
      "has_boat": "2025-06-12 04:07:31 +0000"
    },
    "done": true
  },
  "biomesoplenty:recipes/transportation/empyreal_chest_boat": {
    "criteria": {
      "has_boat": "2025-06-12 04:07:31 +0000"
    },
    "done": true
  },
  "minecraft:recipes/transportation/birch_chest_boat": {
    "criteria": {
      "has_boat": "2025-06-12 04:07:31 +0000"
    },
    "done": true
  },
  "biomesoplenty:recipes/transportation/dead_chest_boat": {
    "criteria": {
      "has_boat": "2025-06-12 04:07:31 +0000"
    },
    "done": true
  },
  "minecraft:recipes/transportation/dark_oak_chest_boat": {
    "criteria": {
      "has_boat": "2025-06-12 04:07:31 +0000"
    },
    "done": true
  },
  "biomesoplenty:recipes/transportation/mahogany_chest_boat": {
    "criteria": {
      "has_boat": "2025-06-12 04:07:31 +0000"
    },
    "done": true
  },
  "immersiveengineering:recipes/misc/crafting/jerrycan": {
    "criteria": {
      "has_bucket": "2025-06-12 04:08:15 +0000"
    },
    "done": true
  },
  "minecraft:recipes/brewing/cauldron": {
    "criteria": {
      "has_water_bucket": "2025-06-12 04:08:28 +0000"
    },
    "done": true
  },
  "immersiveengineering:recipes/misc/crafting/radiator": {
    "criteria": {
      "has_water_bucket": "2025-06-12 04:08:28 +0000"
    },
    "done": true
  },
  "minecraft:recipes/food/cooked_porkchop": {
    "criteria": {
      "has_porkchop": "2025-06-12 04:08:40 +0000"
    },
    "done": true
  },
  "minecraft:recipes/food/cooked_porkchop_from_smoking": {
    "criteria": {
      "has_porkchop": "2025-06-12 04:08:40 +0000"
    },
    "done": true
  },
  "travelersbackpack:recipes/misc/pig": {
    "criteria": {
      "has_porkchop": "2025-06-12 04:08:40 +0000"
    },
    "done": true
  },
  "minecraft:recipes/food/cooked_porkchop_from_campfire_cooking": {
    "criteria": {
      "has_porkchop": "2025-06-12 04:08:40 +0000"
    },
    "done": true
  },
  "farmersdelight:recipes/cooking/pumpkin_soup": {
    "criteria": {
      "has_any_ingredient": "2025-06-12 04:08:40 +0000"
    },
    "done": true
  },
  "travelersbackpack:recipes/decorations/yellow_sleeping_bag": {
    "criteria": {
      "has_yellow_wool": "2025-06-12 04:11:15 +0000"
    },
    "done": true
  },
  "minecraft:recipes/decorations/yellow_carpet": {
    "criteria": {
      "has_yellow_wool": "2025-06-12 04:11:15 +0000"
    },
    "done": true
  },
  "minecraft:recipes/decorations/painting": {
    "criteria": {
      "has_wool": "2025-06-12 04:11:15 +0000"
    },
    "done": true
  },
  "minecraft:recipes/decorations/yellow_bed": {
    "criteria": {
      "has_yellow_wool": "2025-06-12 04:11:15 +0000"
    },
    "done": true
  },
  "minecraft:recipes/decorations/yellow_banner": {
    "criteria": {
      "has_yellow_wool": "2025-06-12 04:11:15 +0000"
    },
    "done": true
  },
  "travelersbackpack:recipes/misc/sheep": {
    "criteria": {
      "has_white_wool": "2025-06-12 04:11:16 +0000"
    },
    "done": true
  },
  "minecraft:recipes/decorations/white_bed": {
    "criteria": {
      "has_white_wool": "2025-06-12 04:11:16 +0000"
    },
    "done": true
  },
  "travelersbackpack:recipes/decorations/white_sleeping_bag": {
    "criteria": {
      "has_white_wool": "2025-06-12 04:11:16 +0000"
    },
    "done": true
  },
  "minecraft:recipes/decorations/white_carpet": {
    "criteria": {
      "has_white_wool": "2025-06-12 04:11:16 +0000"
    },
    "done": true
  },
  "minecraft:recipes/decorations/white_banner": {
    "criteria": {
      "has_white_wool": "2025-06-12 04:11:16 +0000"
    },
    "done": true
  },
  "minecraft:recipes/misc/red_dye_from_poppy": {
    "criteria": {
      "has_poppy": "2025-06-12 04:19:46 +0000"
    },
    "done": true
  },
  "moredelight:recipes/food/porkchop_sandwich": {
    "criteria": {
      "has_cooked_porkchop": "2025-06-12 04:28:42 +0000"
    },
    "done": true
  },
  "minecraft:recipes/decorations/torch": {
    "criteria": {
      "has_the_recipe": "2025-06-12 04:39:40 +0000"
    },
    "done": true
  },
  "minecraft:recipes/decorations/cherry_fence": {
    "criteria": {
      "has_planks": "2025-06-14 18:13:00 +0000"
    },
    "done": true
  },
  "minecraft:recipes/decorations/cherry_sign": {
    "criteria": {
      "has_planks": "2025-06-14 18:13:00 +0000"
    },
    "done": true
  },
  "minecraft:recipes/redstone/cherry_pressure_plate": {
    "criteria": {
      "has_planks": "2025-06-14 18:13:00 +0000"
    },
    "done": true
  },
  "minecraft:recipes/redstone/cherry_door": {
    "criteria": {
      "has_planks": "2025-06-14 18:13:00 +0000"
    },
    "done": true
  },
  "minecraft:recipes/building_blocks/cherry_slab": {
    "criteria": {
      "has_planks": "2025-06-14 18:13:00 +0000"
    },
    "done": true
  },
  "minecraft:recipes/building_blocks/cherry_stairs": {
    "criteria": {
      "has_planks": "2025-06-14 18:13:00 +0000"
    },
    "done": true
  },
  "minecraft:recipes/redstone/cherry_trapdoor": {
    "criteria": {
      "has_planks": "2025-06-14 18:13:00 +0000"
    },
    "done": true
  },
  "minecraft:recipes/redstone/cherry_button": {
    "criteria": {
      "has_planks": "2025-06-14 18:13:00 +0000"
    },
    "done": true
  },
  "minecraft:adventure/trade": {
    "criteria": {
      "traded": "2025-06-14 18:18:49 +0000"
    },
    "done": true
  },
  "minecraft:recipes/redstone/cherry_fence_gate": {
    "criteria": {
      "has_planks": "2025-06-14 18:13:00 +0000"
    },
    "done": true
  },
  "DataVersion": 3955
}